{
  "dataset": "Surgery Tools Needle",
  "image": {
    "width": 640,
    "height": 480,
    "original_filename": "Suturing_D002_941_1001_frame_0002.jpeg",
    "filename": "Suturing_D002_941_1001_frame_0002.jpeg",
    "url": "https://darwin.v7labs.com/api/images/71522943/original",
    "thumbnail_url": "https://darwin.v7labs.com/api/images/71522943/thumbnail",
    "path": "/",
    "workview_url": "https://darwin.v7labs.com/workview?dataset=161769&image=43"
  },
  "annotations": [
    {
      "name": "Left-Grasper",
      "polygon": {
        "path": [
          {
            "x": 133.67,
            "y": 275.5
          },
          {
            "x": 158.94,
            "y": 337.27
          },
          {
            "x": 171.1,
            "y": 335.71
          },
          {
            "x": 179.84,
            "y": 333.52
          },
          {
            "x": 189.51,
            "y": 326.04
          },
          {
            "x": 198.24,
            "y": 318.86
          },
          {
            "x": 208.23,
            "y": 312.0
          },
          {
            "x": 212.59,
            "y": 301.7
          },
          {
            "x": 211.97,
            "y": 291.41
          },
          {
            "x": 210.72,
            "y": 282.36
          },
          {
            "x": 210.41,
            "y": 275.81
          },
          {
            "x": 219.46,
            "y": 253.97
          },
          {
            "x": 219.46,
            "y": 251.47
          },
          {
            "x": 216.96,
            "y": 249.29
          },
          {
            "x": 213.53,
            "y": 249.29
          },
          {
            "x": 208.85,
            "y": 256.78
          },
          {
            "x": 205.11,
            "y": 258.34
          },
          {
            "x": 207.91,
            "y": 253.03
          },
          {
            "x": 209.16,
            "y": 250.23
          },
          {
            "x": 209.16,
            "y": 245.86
          },
          {
            "x": 206.67,
            "y": 243.36
          },
          {
            "x": 202.3,
            "y": 243.36
          },
          {
            "x": 197.0,
            "y": 246.48
          },
          {
            "x": 189.82,
            "y": 263.33
          },
          {
            "x": 187.01,
            "y": 266.76
          },
          {
            "x": 180.15,
            "y": 266.45
          },
          {
            "x": 168.29,
            "y": 265.2
          },
          {
            "x": 159.87,
            "y": 264.27
          },
          {
            "x": 152.7,
            "y": 263.33
          },
          {
            "x": 142.71,
            "y": 265.83
          },
          {
            "x": 137.1,
            "y": 269.57
          }
        ]
      }
    },
    {
      "name": "Right-Grasper",
      "polygon": {
        "path": [
          {
            "x": 509.69,
            "y": 220.79
          },
          {
            "x": 508.74,
            "y": 238.94
          },
          {
            "x": 505.55,
            "y": 248.17
          },
          {
            "x": 501.73,
            "y": 255.49
          },
          {
            "x": 500.46,
            "y": 261.54
          },
          {
            "x": 501.42,
            "y": 267.91
          },
          {
            "x": 503.64,
            "y": 277.77
          },
          {
            "x": 510.65,
            "y": 288.28
          },
          {
            "x": 526.56,
            "y": 295.6
          },
          {
            "x": 538.34,
            "y": 299.1
          },
          {
            "x": 546.94,
            "y": 300.38
          },
          {
            "x": 567.31,
            "y": 263.77
          },
          {
            "x": 557.44,
            "y": 252.94
          },
          {
            "x": 547.89,
            "y": 247.53
          },
          {
            "x": 533.89,
            "y": 240.53
          },
          {
            "x": 528.79,
            "y": 238.94
          },
          {
            "x": 526.56,
            "y": 228.11
          },
          {
            "x": 523.06,
            "y": 219.52
          },
          {
            "x": 518.61,
            "y": 217.29
          },
          {
            "x": 513.19,
            "y": 217.61
          }
        ]
      }
    },
    {
      "keypoint": {
        "x": 317.36,
        "y": 277.89
      },
      "name": "Needle End"
    },
    {
      "keypoint": {
        "x": 211.4,
        "y": 273.57
      },
      "name": "Needle Tip"
    }
  ]
}