{
  "dataset": "Surgery Tools Needle",
  "image": {
    "width": 640,
    "height": 480,
    "original_filename": "Suturing_D001_2115_2164_frame_0002.jpeg",
    "filename": "Suturing_D001_2115_2164_frame_0002.jpeg",
    "url": "https://darwin.v7labs.com/api/images/71522939/original",
    "thumbnail_url": "https://darwin.v7labs.com/api/images/71522939/thumbnail",
    "path": "/",
    "workview_url": "https://darwin.v7labs.com/workview?dataset=161769&image=39"
  },
  "annotations": [
    {
      "keypoint": {
        "x": 292.75,
        "y": 213.58
      },
      "name": "Needle End"
    },
    {
      "keypoint": {
        "x": 194.06,
        "y": 188.1
      },
      "name": "Needle Tip"
    },
    {
      "name": "Left-Grasper",
      "polygon": {
        "path": [
          {
            "x": 115.4,
            "y": 174.55
          },
          {
            "x": 128.11,
            "y": 234.01
          },
          {
            "x": 135.04,
            "y": 232.16
          },
          {
            "x": 149.78,
            "y": 226.02
          },
          {
            "x": 166.21,
            "y": 215.99
          },
          {
            "x": 174.81,
            "y": 207.65
          },
          {
            "x": 179.13,
            "y": 201.03
          },
          {
            "x": 183.59,
            "y": 191.22
          },
          {
            "x": 187.83,
            "y": 184.98
          },
          {
            "x": 206.32,
            "y": 162.92
          },
          {
            "x": 207.66,
            "y": 160.25
          },
          {
            "x": 206.77,
            "y": 158.02
          },
          {
            "x": 206.1,
            "y": 157.57
          },
          {
            "x": 200.75,
            "y": 157.57
          },
          {
            "x": 198.52,
            "y": 159.36
          },
          {
            "x": 198.52,
            "y": 157.13
          },
          {
            "x": 200.08,
            "y": 154.23
          },
          {
            "x": 200.08,
            "y": 151.78
          },
          {
            "x": 199.41,
            "y": 150.22
          },
          {
            "x": 196.29,
            "y": 149.33
          },
          {
            "x": 191.84,
            "y": 149.33
          },
          {
            "x": 187.16,
            "y": 151.78
          },
          {
            "x": 180.69,
            "y": 157.8
          },
          {
            "x": 174.01,
            "y": 165.82
          },
          {
            "x": 171.11,
            "y": 166.93
          },
          {
            "x": 164.65,
            "y": 166.93
          },
          {
            "x": 142.81,
            "y": 165.37
          },
          {
            "x": 132.75,
            "y": 166.04
          },
          {
            "x": 125.59,
            "y": 168.01
          },
          {
            "x": 122.09,
            "y": 169.38
          }
        ]
      }
    },
    {
      "name": "Right-Grasper",
      "polygon": {
        "path": [
          {
            "x": 325.75,
            "y": 200.69
          },
          {
            "x": 325.83,
            "y": 203.04
          },
          {
            "x": 336.0,
            "y": 226.21
          },
          {
            "x": 335.37,
            "y": 236.63
          },
          {
            "x": 335.68,
            "y": 242.63
          },
          {
            "x": 338.84,
            "y": 253.68
          },
          {
            "x": 342.63,
            "y": 261.89
          },
          {
            "x": 346.74,
            "y": 269.16
          },
          {
            "x": 349.89,
            "y": 272.95
          },
          {
            "x": 353.05,
            "y": 274.21
          },
          {
            "x": 387.51,
            "y": 248.3
          },
          {
            "x": 384.63,
            "y": 244.21
          },
          {
            "x": 382.42,
            "y": 241.36
          },
          {
            "x": 372.63,
            "y": 230.63
          },
          {
            "x": 362.53,
            "y": 225.57
          },
          {
            "x": 354.63,
            "y": 223.68
          },
          {
            "x": 350.84,
            "y": 222.42
          },
          {
            "x": 336.95,
            "y": 198.73
          },
          {
            "x": 334.77,
            "y": 197.52
          },
          {
            "x": 331.12,
            "y": 197.04
          },
          {
            "x": 327.2,
            "y": 197.83
          }
        ]
      }
    }
  ]
}