{
  "dataset": "Surgery Tools Needle",
  "image": {
    "width": 640,
    "height": 480,
    "original_filename": "Suturing_D001_1617_1700_frame_0004.jpeg",
    "filename": "Suturing_D001_1617_1700_frame_0004.jpeg",
    "url": "https://darwin.v7labs.com/api/images/71522908/original",
    "thumbnail_url": "https://darwin.v7labs.com/api/images/71522908/thumbnail",
    "path": "/",
    "workview_url": "https://darwin.v7labs.com/workview?dataset=161769&image=8"
  },
  "annotations": [
    {
      "name": "Right-Grasper",
      "polygon": {
        "path": [
          {
            "x": 558.89,
            "y": 270.07
          },
          {
            "x": 558.18,
            "y": 280.48
          },
          {
            "x": 559.12,
            "y": 301.69
          },
          {
            "x": 560.06,
            "y": 314.17
          },
          {
            "x": 557.85,
            "y": 321.95
          },
          {
            "x": 554.13,
            "y": 328.52
          },
          {
            "x": 552.28,
            "y": 335.85
          },
          {
            "x": 553.07,
            "y": 343.99
          },
          {
            "x": 555.69,
            "y": 348.8
          },
          {
            "x": 561.93,
            "y": 356.25
          },
          {
            "x": 569.97,
            "y": 361.28
          },
          {
            "x": 580.02,
            "y": 365.64
          },
          {
            "x": 585.95,
            "y": 370.01
          },
          {
            "x": 593.13,
            "y": 374.38
          },
          {
            "x": 598.74,
            "y": 375.63
          },
          {
            "x": 600.92,
            "y": 375.0
          },
          {
            "x": 625.26,
            "y": 333.51
          },
          {
            "x": 622.14,
            "y": 328.21
          },
          {
            "x": 616.21,
            "y": 324.78
          },
          {
            "x": 608.1,
            "y": 320.1
          },
          {
            "x": 599.99,
            "y": 316.66
          },
          {
            "x": 594.69,
            "y": 315.73
          },
          {
            "x": 587.51,
            "y": 315.1
          },
          {
            "x": 585.64,
            "y": 315.1
          },
          {
            "x": 579.71,
            "y": 303.25
          },
          {
            "x": 576.28,
            "y": 285.78
          },
          {
            "x": 573.16,
            "y": 269.24
          },
          {
            "x": 572.12,
            "y": 266.72
          },
          {
            "x": 570.66,
            "y": 265.5
          },
          {
            "x": 569.05,
            "y": 265.32
          },
          {
            "x": 566.74,
            "y": 265.53
          },
          {
            "x": 565.65,
            "y": 265.52
          },
          {
            "x": 564.28,
            "y": 265.96
          },
          {
            "x": 562.55,
            "y": 266.75
          },
          {
            "x": 560.26,
            "y": 268.19
          }
        ]
      }
    },
    {
      "name": "Left-Grasper",
      "polygon": {
        "path": [
          {
            "x": 158.2,
            "y": 284.34
          },
          {
            "x": 169.34,
            "y": 342.72
          },
          {
            "x": 173.8,
            "y": 342.72
          },
          {
            "x": 184.94,
            "y": 339.6
          },
          {
            "x": 208.12,
            "y": 328.91
          },
          {
            "x": 221.04,
            "y": 321.78
          },
          {
            "x": 228.62,
            "y": 315.98
          },
          {
            "x": 232.63,
            "y": 306.18
          },
          {
            "x": 233.08,
            "y": 299.94
          },
          {
            "x": 237.09,
            "y": 295.04
          },
          {
            "x": 243.33,
            "y": 290.13
          },
          {
            "x": 268.28,
            "y": 262.95
          },
          {
            "x": 268.73,
            "y": 256.71
          },
          {
            "x": 266.95,
            "y": 254.04
          },
          {
            "x": 261.15,
            "y": 251.81
          },
          {
            "x": 258.93,
            "y": 248.24
          },
          {
            "x": 256.25,
            "y": 246.46
          },
          {
            "x": 250.9,
            "y": 246.46
          },
          {
            "x": 244.66,
            "y": 249.13
          },
          {
            "x": 221.04,
            "y": 271.86
          },
          {
            "x": 211.68,
            "y": 272.31
          },
          {
            "x": 200.1,
            "y": 269.63
          },
          {
            "x": 190.29,
            "y": 270.53
          },
          {
            "x": 178.26,
            "y": 271.42
          },
          {
            "x": 170.24,
            "y": 272.75
          },
          {
            "x": 160.88,
            "y": 276.76
          }
        ]
      }
    },
    {
      "keypoint": {
        "x": 262.05,
        "y": 270.97
      },
      "name": "Needle Tip"
    },
    {
      "keypoint": {
        "x": 368.12,
        "y": 295.48
      },
      "name": "Needle End"
    }
  ]
}