{
  "dataset": "Surgery Tools Needle",
  "image": {
    "width": 640,
    "height": 480,
    "original_filename": "Suturing_D001_636_853_frame_0010.jpeg",
    "filename": "Suturing_D001_636_853_frame_0010.jpeg",
    "url": "https://darwin.v7labs.com/api/images/71522902/original",
    "thumbnail_url": "https://darwin.v7labs.com/api/images/71522902/thumbnail",
    "path": "/",
    "workview_url": "https://darwin.v7labs.com/workview?dataset=161769&image=2"
  },
  "annotations": [
    {
      "name": "Right-Grasper",
      "polygon": {
        "path": [
          {
            "x": 407.4,
            "y": 270.56
          },
          {
            "x": 408.8,
            "y": 287.43
          },
          {
            "x": 408.45,
            "y": 294.1
          },
          {
            "x": 405.99,
            "y": 300.78
          },
          {
            "x": 403.18,
            "y": 308.51
          },
          {
            "x": 404.23,
            "y": 318.35
          },
          {
            "x": 410.91,
            "y": 325.72
          },
          {
            "x": 433.28,
            "y": 344.26
          },
          {
            "x": 439.13,
            "y": 337.57
          },
          {
            "x": 446.66,
            "y": 328.37
          },
          {
            "x": 456.28,
            "y": 322.93
          },
          {
            "x": 464.23,
            "y": 319.58
          },
          {
            "x": 464.65,
            "y": 314.15
          },
          {
            "x": 457.12,
            "y": 303.27
          },
          {
            "x": 445.83,
            "y": 296.16
          },
          {
            "x": 434.95,
            "y": 292.81
          },
          {
            "x": 430.35,
            "y": 291.56
          },
          {
            "x": 421.15,
            "y": 276.08
          },
          {
            "x": 416.97,
            "y": 267.72
          },
          {
            "x": 413.2,
            "y": 266.46
          },
          {
            "x": 410.69,
            "y": 267.07
          },
          {
            "x": 408.55,
            "y": 268.14
          }
        ]
      }
    },
    {
      "name": "Left-Grasper",
      "polygon": {
        "path": [
          {
            "x": 92.69,
            "y": 280.32
          },
          {
            "x": 100.62,
            "y": 323.95
          },
          {
            "x": 107.07,
            "y": 326.93
          },
          {
            "x": 120.95,
            "y": 328.91
          },
          {
            "x": 135.33,
            "y": 325.94
          },
          {
            "x": 146.74,
            "y": 318.5
          },
          {
            "x": 153.68,
            "y": 306.11
          },
          {
            "x": 158.64,
            "y": 295.69
          },
          {
            "x": 163.1,
            "y": 288.26
          },
          {
            "x": 171.03,
            "y": 282.66
          },
          {
            "x": 178.11,
            "y": 278.06
          },
          {
            "x": 181.3,
            "y": 272.03
          },
          {
            "x": 181.66,
            "y": 268.14
          },
          {
            "x": 179.18,
            "y": 266.37
          },
          {
            "x": 168.91,
            "y": 270.97
          },
          {
            "x": 167.49,
            "y": 269.2
          },
          {
            "x": 169.97,
            "y": 266.72
          },
          {
            "x": 175.28,
            "y": 262.83
          },
          {
            "x": 176.34,
            "y": 257.87
          },
          {
            "x": 172.8,
            "y": 255.04
          },
          {
            "x": 166.78,
            "y": 255.04
          },
          {
            "x": 158.28,
            "y": 261.76
          },
          {
            "x": 143.76,
            "y": 273.45
          },
          {
            "x": 137.03,
            "y": 271.68
          },
          {
            "x": 126.41,
            "y": 269.91
          },
          {
            "x": 116.14,
            "y": 270.62
          },
          {
            "x": 103.39,
            "y": 273.1
          }
        ]
      }
    },
    {
      "keypoint": {
        "x": 260.75,
        "y": 297.89
      },
      "name": "Needle End"
    },
    {
      "keypoint": {
        "x": 179.94,
        "y": 277.31
      },
      "name": "Needle Tip"
    }
  ]
}