{
  "dataset": "Surgery Tools Needle",
  "image": {
    "width": 640,
    "height": 480,
    "original_filename": "Suturing_D001_636_853_frame_0003.jpeg",
    "filename": "Suturing_D001_636_853_frame_0003.jpeg",
    "url": "https://darwin.v7labs.com/api/images/71522928/original",
    "thumbnail_url": "https://darwin.v7labs.com/api/images/71522928/thumbnail",
    "path": "/",
    "workview_url": "https://darwin.v7labs.com/workview?dataset=161769&image=28"
  },
  "annotations": [
    {
      "name": "Right-Grasper",
      "polygon": {
        "path": [
          {
            "x": 437.01,
            "y": 331.09
          },
          {
            "x": 437.67,
            "y": 343.88
          },
          {
            "x": 431.07,
            "y": 353.37
          },
          {
            "x": 429.95,
            "y": 359.69
          },
          {
            "x": 431.2,
            "y": 369.41
          },
          {
            "x": 433.03,
            "y": 375.79
          },
          {
            "x": 440.46,
            "y": 383.65
          },
          {
            "x": 447.88,
            "y": 389.77
          },
          {
            "x": 457.06,
            "y": 392.82
          },
          {
            "x": 465.35,
            "y": 395.01
          },
          {
            "x": 470.16,
            "y": 394.57
          },
          {
            "x": 486.76,
            "y": 350.02
          },
          {
            "x": 482.39,
            "y": 343.91
          },
          {
            "x": 475.84,
            "y": 339.54
          },
          {
            "x": 463.61,
            "y": 337.79
          },
          {
            "x": 452.69,
            "y": 337.35
          },
          {
            "x": 451.81,
            "y": 333.86
          },
          {
            "x": 449.63,
            "y": 328.62
          },
          {
            "x": 447.01,
            "y": 326.87
          },
          {
            "x": 443.52,
            "y": 325.56
          },
          {
            "x": 438.37,
            "y": 327.33
          }
        ]
      }
    },
    {
      "name": "Left-Grasper",
      "polygon": {
        "path": [
          {
            "x": 61.29,
            "y": 251.87
          },
          {
            "x": 71.83,
            "y": 302.85
          },
          {
            "x": 80.57,
            "y": 303.29
          },
          {
            "x": 91.92,
            "y": 301.98
          },
          {
            "x": 104.59,
            "y": 297.61
          },
          {
            "x": 113.76,
            "y": 289.31
          },
          {
            "x": 118.13,
            "y": 277.52
          },
          {
            "x": 127.3,
            "y": 267.04
          },
          {
            "x": 136.91,
            "y": 257.43
          },
          {
            "x": 139.09,
            "y": 253.06
          },
          {
            "x": 138.66,
            "y": 249.57
          },
          {
            "x": 137.4,
            "y": 245.31
          },
          {
            "x": 135.61,
            "y": 244.72
          },
          {
            "x": 133.89,
            "y": 245.26
          },
          {
            "x": 131.47,
            "y": 246.52
          },
          {
            "x": 131.25,
            "y": 245.62
          },
          {
            "x": 132.94,
            "y": 244.38
          },
          {
            "x": 134.27,
            "y": 242.3
          },
          {
            "x": 134.06,
            "y": 239.62
          },
          {
            "x": 132.11,
            "y": 236.46
          },
          {
            "x": 126.43,
            "y": 235.15
          },
          {
            "x": 121.27,
            "y": 237.38
          },
          {
            "x": 109.39,
            "y": 246.51
          },
          {
            "x": 104.15,
            "y": 250.0
          },
          {
            "x": 100.22,
            "y": 249.57
          },
          {
            "x": 94.11,
            "y": 247.38
          },
          {
            "x": 87.56,
            "y": 245.63
          },
          {
            "x": 79.26,
            "y": 246.83
          },
          {
            "x": 73.14,
            "y": 248.25
          }
        ]
      }
    },
    {
      "keypoint": {
        "x": 133.85,
        "y": 261.36
      },
      "name": "Needle Tip"
    },
    {
      "keypoint": {
        "x": 217.71,
        "y": 287.56
      },
      "name": "Needle End"
    }
  ]
}