{
  "dataset": "Surgery Tools Needle",
  "image": {
    "width": 640,
    "height": 480,
    "original_filename": "Suturing_D003_485_589_frame_0001.jpeg",
    "filename": "Suturing_D003_485_589_frame_0001.jpeg",
    "url": "https://darwin.v7labs.com/api/images/71522919/original",
    "thumbnail_url": "https://darwin.v7labs.com/api/images/71522919/thumbnail",
    "path": "/",
    "workview_url": "https://darwin.v7labs.com/workview?dataset=161769&image=19"
  },
  "annotations": [
    {
      "keypoint": {
        "x": 176.17,
        "y": 366.14
      },
      "name": "Needle End"
    },
    {
      "keypoint": {
        "x": 66.67,
        "y": 312.48
      },
      "name": "Needle Tip"
    },
    {
      "name": "Left-Grasper",
      "polygon": {
        "path": [
          {
            "x": -0.15,
            "y": 273.53
          },
          {
            "x": 16.94,
            "y": 271.4
          },
          {
            "x": 27.37,
            "y": 272.98
          },
          {
            "x": 40.0,
            "y": 275.19
          },
          {
            "x": 49.79,
            "y": 278.98
          },
          {
            "x": 57.37,
            "y": 280.87
          },
          {
            "x": 65.58,
            "y": 280.87
          },
          {
            "x": 74.42,
            "y": 278.03
          },
          {
            "x": 78.53,
            "y": 276.45
          },
          {
            "x": 85.47,
            "y": 276.13
          },
          {
            "x": 88.54,
            "y": 278.75
          },
          {
            "x": 88.09,
            "y": 282.13
          },
          {
            "x": 87.87,
            "y": 283.71
          },
          {
            "x": 90.12,
            "y": 284.39
          },
          {
            "x": 93.05,
            "y": 283.71
          },
          {
            "x": 94.86,
            "y": 283.71
          },
          {
            "x": 96.21,
            "y": 283.94
          },
          {
            "x": 97.79,
            "y": 286.19
          },
          {
            "x": 97.79,
            "y": 289.58
          },
          {
            "x": 96.89,
            "y": 293.64
          },
          {
            "x": 89.9,
            "y": 297.7
          },
          {
            "x": 67.56,
            "y": 308.98
          },
          {
            "x": 62.6,
            "y": 313.26
          },
          {
            "x": 54.03,
            "y": 321.84
          },
          {
            "x": 37.79,
            "y": 330.18
          },
          {
            "x": 27.41,
            "y": 334.69
          },
          {
            "x": 13.42,
            "y": 338.3
          },
          {
            "x": 2.6,
            "y": 340.11
          },
          {
            "x": -0.11,
            "y": 340.79
          }
        ]
      }
    },
    {
      "name": "Right-Grasper",
      "polygon": {
        "path": [
          {
            "x": 272.34,
            "y": 337.3
          },
          {
            "x": 271.36,
            "y": 348.52
          },
          {
            "x": 267.95,
            "y": 355.34
          },
          {
            "x": 262.72,
            "y": 359.66
          },
          {
            "x": 259.76,
            "y": 364.89
          },
          {
            "x": 259.31,
            "y": 373.3
          },
          {
            "x": 261.36,
            "y": 383.08
          },
          {
            "x": 266.59,
            "y": 391.72
          },
          {
            "x": 275.68,
            "y": 399.0
          },
          {
            "x": 283.87,
            "y": 403.32
          },
          {
            "x": 289.78,
            "y": 406.96
          },
          {
            "x": 313.43,
            "y": 364.21
          },
          {
            "x": 313.43,
            "y": 361.02
          },
          {
            "x": 310.93,
            "y": 358.52
          },
          {
            "x": 303.42,
            "y": 354.43
          },
          {
            "x": 297.06,
            "y": 351.93
          },
          {
            "x": 291.37,
            "y": 351.93
          },
          {
            "x": 288.64,
            "y": 351.02
          },
          {
            "x": 288.14,
            "y": 339.2
          },
          {
            "x": 287.46,
            "y": 336.72
          },
          {
            "x": 286.09,
            "y": 335.84
          },
          {
            "x": 279.46,
            "y": 335.35
          },
          {
            "x": 274.16,
            "y": 335.48
          },
          {
            "x": 273.13,
            "y": 335.74
          }
        ]
      }
    }
  ]
}