{
  "dataset": "Surgery Tools Needle",
  "image": {
    "width": 640,
    "height": 480,
    "original_filename": "Suturing_D002_428_522_frame_0000.jpeg",
    "filename": "Suturing_D002_428_522_frame_0000.jpeg",
    "url": "https://darwin.v7labs.com/api/images/71522910/original",
    "thumbnail_url": "https://darwin.v7labs.com/api/images/71522910/thumbnail",
    "path": "/",
    "workview_url": "https://darwin.v7labs.com/workview?dataset=161769&image=10"
  },
  "annotations": [
    {
      "name": "Right-Grasper",
      "polygon": {
        "path": [
          {
            "x": 240.04,
            "y": 343.64
          },
          {
            "x": 246.5,
            "y": 355.89
          },
          {
            "x": 248.29,
            "y": 364.36
          },
          {
            "x": 246.73,
            "y": 370.82
          },
          {
            "x": 245.84,
            "y": 376.39
          },
          {
            "x": 246.28,
            "y": 380.18
          },
          {
            "x": 249.62,
            "y": 387.31
          },
          {
            "x": 259.65,
            "y": 396.67
          },
          {
            "x": 267.23,
            "y": 401.8
          },
          {
            "x": 276.81,
            "y": 407.37
          },
          {
            "x": 280.38,
            "y": 408.26
          },
          {
            "x": 306.61,
            "y": 367.26
          },
          {
            "x": 299.09,
            "y": 360.57
          },
          {
            "x": 292.85,
            "y": 356.78
          },
          {
            "x": 287.06,
            "y": 354.56
          },
          {
            "x": 277.48,
            "y": 352.55
          },
          {
            "x": 270.79,
            "y": 352.33
          },
          {
            "x": 263.66,
            "y": 351.66
          },
          {
            "x": 260.1,
            "y": 351.44
          },
          {
            "x": 256.98,
            "y": 349.43
          },
          {
            "x": 254.53,
            "y": 343.19
          },
          {
            "x": 251.63,
            "y": 340.52
          },
          {
            "x": 249.18,
            "y": 338.51
          },
          {
            "x": 246.73,
            "y": 338.51
          },
          {
            "x": 243.83,
            "y": 339.18
          },
          {
            "x": 242.05,
            "y": 340.52
          }
        ]
      }
    },
    {
      "keypoint": {
        "x": 16.78,
        "y": 276.87
      },
      "name": "Needle Tip"
    },
    {
      "keypoint": {
        "x": 151.75,
        "y": 305.64
      },
      "name": "Needle End"
    },
    {
      "name": "Left-Grasper",
      "polygon": {
        "path": [
          {
            "x": -0.54,
            "y": 250.75
          },
          {
            "x": 10.63,
            "y": 241.03
          },
          {
            "x": 14.15,
            "y": 240.22
          },
          {
            "x": 15.91,
            "y": 240.15
          },
          {
            "x": 17.78,
            "y": 240.57
          },
          {
            "x": 18.57,
            "y": 242.95
          },
          {
            "x": 18.51,
            "y": 244.57
          },
          {
            "x": 17.18,
            "y": 247.28
          },
          {
            "x": 17.64,
            "y": 248.09
          },
          {
            "x": 19.13,
            "y": 247.45
          },
          {
            "x": 24.24,
            "y": 246.44
          },
          {
            "x": 26.21,
            "y": 246.23
          },
          {
            "x": 28.32,
            "y": 247.69
          },
          {
            "x": 29.58,
            "y": 250.72
          },
          {
            "x": 29.58,
            "y": 253.66
          },
          {
            "x": 21.32,
            "y": 264.84
          },
          {
            "x": 0.43,
            "y": 285.73
          }
        ]
      }
    }
  ]
}