{
  "dataset": "Surgery Tools Needle",
  "image": {
    "width": 640,
    "height": 480,
    "original_filename": "Suturing_D002_1894_1912_frame_0000.jpeg",
    "filename": "Suturing_D002_1894_1912_frame_0000.jpeg",
    "url": "https://darwin.v7labs.com/api/images/71522951/original",
    "thumbnail_url": "https://darwin.v7labs.com/api/images/71522951/thumbnail",
    "path": "/",
    "workview_url": "https://darwin.v7labs.com/workview?dataset=161769&image=51"
  },
  "annotations": [
    {
      "name": "Left-Grasper",
      "polygon": {
        "path": [
          {
            "x": 11.48,
            "y": 153.22
          },
          {
            "x": 24.28,
            "y": 226.53
          },
          {
            "x": 33.01,
            "y": 224.97
          },
          {
            "x": 46.43,
            "y": 220.29
          },
          {
            "x": 62.02,
            "y": 213.74
          },
          {
            "x": 72.32,
            "y": 205.0
          },
          {
            "x": 81.05,
            "y": 198.45
          },
          {
            "x": 85.73,
            "y": 190.03
          },
          {
            "x": 89.17,
            "y": 181.29
          },
          {
            "x": 89.17,
            "y": 175.37
          },
          {
            "x": 88.23,
            "y": 168.81
          },
          {
            "x": 87.29,
            "y": 166.32
          },
          {
            "x": 103.94,
            "y": 144.58
          },
          {
            "x": 103.62,
            "y": 142.67
          },
          {
            "x": 102.82,
            "y": 141.4
          },
          {
            "x": 100.43,
            "y": 140.6
          },
          {
            "x": 96.93,
            "y": 140.28
          },
          {
            "x": 94.55,
            "y": 141.4
          },
          {
            "x": 92.0,
            "y": 144.26
          },
          {
            "x": 90.73,
            "y": 143.31
          },
          {
            "x": 93.11,
            "y": 141.08
          },
          {
            "x": 94.39,
            "y": 139.17
          },
          {
            "x": 94.7,
            "y": 137.74
          },
          {
            "x": 94.23,
            "y": 136.15
          },
          {
            "x": 92.16,
            "y": 135.19
          },
          {
            "x": 87.54,
            "y": 134.87
          },
          {
            "x": 84.84,
            "y": 135.67
          },
          {
            "x": 82.13,
            "y": 138.53
          },
          {
            "x": 79.11,
            "y": 142.35
          },
          {
            "x": 73.11,
            "y": 148.83
          },
          {
            "x": 67.81,
            "y": 150.68
          },
          {
            "x": 56.66,
            "y": 150.42
          },
          {
            "x": 44.99,
            "y": 149.62
          },
          {
            "x": 22.18,
            "y": 150.15
          }
        ]
      }
    },
    {
      "name": "Right-Grasper",
      "polygon": {
        "path": [
          {
            "x": 248.76,
            "y": 214.13
          },
          {
            "x": 249.73,
            "y": 215.96
          },
          {
            "x": 257.67,
            "y": 231.04
          },
          {
            "x": 258.12,
            "y": 236.0
          },
          {
            "x": 257.44,
            "y": 245.25
          },
          {
            "x": 258.8,
            "y": 252.47
          },
          {
            "x": 263.31,
            "y": 260.36
          },
          {
            "x": 271.88,
            "y": 269.39
          },
          {
            "x": 275.26,
            "y": 272.77
          },
          {
            "x": 303.24,
            "y": 245.47
          },
          {
            "x": 305.49,
            "y": 241.87
          },
          {
            "x": 304.81,
            "y": 239.61
          },
          {
            "x": 288.35,
            "y": 225.85
          },
          {
            "x": 280.0,
            "y": 221.11
          },
          {
            "x": 275.04,
            "y": 220.66
          },
          {
            "x": 272.56,
            "y": 221.11
          },
          {
            "x": 261.5,
            "y": 211.86
          },
          {
            "x": 257.22,
            "y": 210.06
          },
          {
            "x": 253.38,
            "y": 209.38
          },
          {
            "x": 250.83,
            "y": 209.98
          },
          {
            "x": 248.85,
            "y": 211.53
          }
        ]
      }
    },
    {
      "keypoint": {
        "x": 226.5,
        "y": 205.64
      },
      "name": "Needle End"
    },
    {
      "keypoint": {
        "x": 102.35,
        "y": 168.08
      },
      "name": "Needle Tip"
    }
  ]
}