{
  "dataset": "Surgery Tools Needle",
  "image": {
    "width": 640,
    "height": 480,
    "original_filename": "Suturing_D001_636_853_frame_0008.jpeg",
    "filename": "Suturing_D001_636_853_frame_0008.jpeg",
    "url": "https://darwin.v7labs.com/api/images/71522933/original",
    "thumbnail_url": "https://darwin.v7labs.com/api/images/71522933/thumbnail",
    "path": "/",
    "workview_url": "https://darwin.v7labs.com/workview?dataset=161769&image=33"
  },
  "annotations": [
    {
      "keypoint": {
        "x": 261.21,
        "y": 284.33
      },
      "name": "Needle End"
    },
    {
      "keypoint": {
        "x": 181.7,
        "y": 261.88
      },
      "name": "Needle Tip"
    },
    {
      "name": "Left-Grasper",
      "polygon": {
        "path": [
          {
            "x": 99.59,
            "y": 259.93
          },
          {
            "x": 108.99,
            "y": 317.08
          },
          {
            "x": 118.38,
            "y": 317.08
          },
          {
            "x": 134.18,
            "y": 312.57
          },
          {
            "x": 146.58,
            "y": 305.05
          },
          {
            "x": 151.47,
            "y": 297.53
          },
          {
            "x": 156.36,
            "y": 289.26
          },
          {
            "x": 164.63,
            "y": 276.85
          },
          {
            "x": 169.89,
            "y": 270.83
          },
          {
            "x": 183.35,
            "y": 258.21
          },
          {
            "x": 185.65,
            "y": 255.53
          },
          {
            "x": 185.65,
            "y": 253.42
          },
          {
            "x": 185.08,
            "y": 250.54
          },
          {
            "x": 182.2,
            "y": 249.2
          },
          {
            "x": 177.98,
            "y": 250.54
          },
          {
            "x": 176.25,
            "y": 252.07
          },
          {
            "x": 174.72,
            "y": 251.69
          },
          {
            "x": 175.29,
            "y": 251.12
          },
          {
            "x": 176.83,
            "y": 249.58
          },
          {
            "x": 179.9,
            "y": 247.09
          },
          {
            "x": 180.28,
            "y": 245.17
          },
          {
            "x": 180.28,
            "y": 243.06
          },
          {
            "x": 179.13,
            "y": 241.72
          },
          {
            "x": 177.98,
            "y": 240.37
          },
          {
            "x": 175.68,
            "y": 239.61
          },
          {
            "x": 172.8,
            "y": 239.61
          },
          {
            "x": 170.11,
            "y": 240.18
          },
          {
            "x": 167.24,
            "y": 241.91
          },
          {
            "x": 148.06,
            "y": 256.68
          },
          {
            "x": 144.6,
            "y": 254.18
          },
          {
            "x": 142.49,
            "y": 253.42
          },
          {
            "x": 136.35,
            "y": 252.65
          },
          {
            "x": 128.87,
            "y": 252.84
          },
          {
            "x": 120.82,
            "y": 253.42
          },
          {
            "x": 115.83,
            "y": 254.76
          },
          {
            "x": 103.17,
            "y": 259.17
          }
        ]
      }
    },
    {
      "name": "Right-Grasper",
      "polygon": {
        "path": [
          {
            "x": 483.61,
            "y": 290.46
          },
          {
            "x": 484.97,
            "y": 319.01
          },
          {
            "x": 479.53,
            "y": 327.62
          },
          {
            "x": 478.17,
            "y": 337.58
          },
          {
            "x": 481.8,
            "y": 352.99
          },
          {
            "x": 487.69,
            "y": 362.96
          },
          {
            "x": 494.48,
            "y": 372.47
          },
          {
            "x": 507.62,
            "y": 378.36
          },
          {
            "x": 515.78,
            "y": 381.53
          },
          {
            "x": 518.95,
            "y": 382.89
          },
          {
            "x": 549.31,
            "y": 347.1
          },
          {
            "x": 546.13,
            "y": 338.49
          },
          {
            "x": 538.43,
            "y": 330.79
          },
          {
            "x": 526.2,
            "y": 323.09
          },
          {
            "x": 509.89,
            "y": 321.73
          },
          {
            "x": 508.53,
            "y": 321.27
          },
          {
            "x": 504.9,
            "y": 312.21
          },
          {
            "x": 503.54,
            "y": 304.06
          },
          {
            "x": 500.83,
            "y": 298.17
          },
          {
            "x": 499.01,
            "y": 293.18
          },
          {
            "x": 497.65,
            "y": 290.92
          },
          {
            "x": 493.58,
            "y": 289.1
          },
          {
            "x": 489.05,
            "y": 289.1
          }
        ]
      }
    }
  ]
}