{
  "dataset": "Surgery Tools Needle",
  "image": {
    "width": 640,
    "height": 480,
    "original_filename": "Suturing_D003_485_589_frame_0002.jpeg",
    "filename": "Suturing_D003_485_589_frame_0002.jpeg",
    "url": "https://darwin.v7labs.com/api/images/71522920/original",
    "thumbnail_url": "https://darwin.v7labs.com/api/images/71522920/thumbnail",
    "path": "/",
    "workview_url": "https://darwin.v7labs.com/workview?dataset=161769&image=20"
  },
  "annotations": [
    {
      "name": "Right-Grasper",
      "polygon": {
        "path": [
          {
            "x": 404.38,
            "y": 287.8
          },
          {
            "x": 404.12,
            "y": 299.44
          },
          {
            "x": 399.75,
            "y": 304.25
          },
          {
            "x": 398.2,
            "y": 309.45
          },
          {
            "x": 395.47,
            "y": 317.18
          },
          {
            "x": 395.1,
            "y": 325.38
          },
          {
            "x": 397.18,
            "y": 330.12
          },
          {
            "x": 403.68,
            "y": 340.06
          },
          {
            "x": 418.53,
            "y": 348.8
          },
          {
            "x": 425.96,
            "y": 354.04
          },
          {
            "x": 431.64,
            "y": 355.35
          },
          {
            "x": 458.36,
            "y": 320.45
          },
          {
            "x": 450.37,
            "y": 313.13
          },
          {
            "x": 440.81,
            "y": 306.87
          },
          {
            "x": 429.02,
            "y": 303.37
          },
          {
            "x": 422.9,
            "y": 300.75
          },
          {
            "x": 420.28,
            "y": 298.13
          },
          {
            "x": 419.41,
            "y": 292.02
          },
          {
            "x": 416.94,
            "y": 286.43
          },
          {
            "x": 413.2,
            "y": 284.06
          },
          {
            "x": 406.85,
            "y": 284.7
          }
        ]
      }
    },
    {
      "name": "Left-Grasper",
      "polygon": {
        "path": [
          {
            "x": 0.05,
            "y": 313.77
          },
          {
            "x": 7.87,
            "y": 312.66
          },
          {
            "x": 16.15,
            "y": 312.34
          },
          {
            "x": 22.83,
            "y": 313.93
          },
          {
            "x": 28.24,
            "y": 316.48
          },
          {
            "x": 30.79,
            "y": 317.11
          },
          {
            "x": 35.88,
            "y": 315.52
          },
          {
            "x": 51.16,
            "y": 310.11
          },
          {
            "x": 55.81,
            "y": 309.35
          },
          {
            "x": 60.19,
            "y": 309.51
          },
          {
            "x": 63.12,
            "y": 309.51
          },
          {
            "x": 64.42,
            "y": 310.65
          },
          {
            "x": 64.9,
            "y": 313.41
          },
          {
            "x": 64.25,
            "y": 315.52
          },
          {
            "x": 64.25,
            "y": 316.66
          },
          {
            "x": 64.58,
            "y": 317.14
          },
          {
            "x": 66.04,
            "y": 317.47
          },
          {
            "x": 67.5,
            "y": 318.44
          },
          {
            "x": 69.45,
            "y": 319.91
          },
          {
            "x": 71.08,
            "y": 321.2
          },
          {
            "x": 71.73,
            "y": 324.45
          },
          {
            "x": 71.4,
            "y": 327.21
          },
          {
            "x": 69.78,
            "y": 329.65
          },
          {
            "x": 43.3,
            "y": 343.78
          },
          {
            "x": 37.94,
            "y": 347.03
          },
          {
            "x": 35.67,
            "y": 349.47
          },
          {
            "x": 33.4,
            "y": 356.45
          },
          {
            "x": 30.47,
            "y": 360.19
          },
          {
            "x": 22.68,
            "y": 365.06
          },
          {
            "x": 9.52,
            "y": 370.9
          },
          {
            "x": -0.06,
            "y": 374.15
          }
        ]
      }
    },
    {
      "keypoint": {
        "x": 54.77,
        "y": 338.91
      },
      "name": "Needle Tip"
    },
    {
      "keypoint": {
        "x": 183.06,
        "y": 351.17
      },
      "name": "Needle End"
    }
  ]
}