{
  "dataset": "Surgery Tools Needle",
  "image": {
    "width": 640,
    "height": 480,
    "original_filename": "Suturing_D003_485_589_frame_0006.jpeg",
    "filename": "Suturing_D003_485_589_frame_0006.jpeg",
    "url": "https://darwin.v7labs.com/api/images/71522924/original",
    "thumbnail_url": "https://darwin.v7labs.com/api/images/71522924/thumbnail",
    "path": "/",
    "workview_url": "https://darwin.v7labs.com/workview?dataset=161769&image=24"
  },
  "annotations": [
    {
      "name": "Left-Grasper",
      "polygon": {
        "path": [
          {
            "x": 65.89,
            "y": 327.25
          },
          {
            "x": 68.08,
            "y": 365.62
          },
          {
            "x": 72.13,
            "y": 381.84
          },
          {
            "x": 76.5,
            "y": 390.26
          },
          {
            "x": 81.49,
            "y": 393.7
          },
          {
            "x": 87.73,
            "y": 394.01
          },
          {
            "x": 97.71,
            "y": 390.58
          },
          {
            "x": 126.1,
            "y": 371.86
          },
          {
            "x": 137.96,
            "y": 363.12
          },
          {
            "x": 145.13,
            "y": 356.88
          },
          {
            "x": 147.94,
            "y": 352.2
          },
          {
            "x": 151.37,
            "y": 349.08
          },
          {
            "x": 170.09,
            "y": 338.17
          },
          {
            "x": 171.34,
            "y": 335.67
          },
          {
            "x": 170.72,
            "y": 332.24
          },
          {
            "x": 169.78,
            "y": 330.37
          },
          {
            "x": 167.91,
            "y": 330.05
          },
          {
            "x": 164.52,
            "y": 330.5
          },
          {
            "x": 158.28,
            "y": 332.51
          },
          {
            "x": 162.74,
            "y": 329.83
          },
          {
            "x": 165.86,
            "y": 327.83
          },
          {
            "x": 166.3,
            "y": 326.04
          },
          {
            "x": 165.41,
            "y": 322.7
          },
          {
            "x": 161.85,
            "y": 321.14
          },
          {
            "x": 156.28,
            "y": 320.92
          },
          {
            "x": 148.03,
            "y": 323.37
          },
          {
            "x": 136.22,
            "y": 329.16
          },
          {
            "x": 133.32,
            "y": 330.05
          },
          {
            "x": 129.09,
            "y": 330.28
          },
          {
            "x": 124.63,
            "y": 328.72
          },
          {
            "x": 110.37,
            "y": 321.59
          },
          {
            "x": 102.35,
            "y": 319.36
          },
          {
            "x": 92.1,
            "y": 320.03
          },
          {
            "x": 82.07,
            "y": 320.25
          },
          {
            "x": 74.27,
            "y": 323.37
          }
        ]
      }
    },
    {
      "keypoint": {
        "x": 152.35,
        "y": 348.94
      },
      "name": "Needle Tip"
    },
    {
      "keypoint": {
        "x": 264.21,
        "y": 372.81
      },
      "name": "Needle End"
    }
  ]
}