{
  "dataset": "Surgery Tools Needle",
  "image": {
    "width": 640,
    "height": 480,
    "original_filename": "Suturing_D002_428_522_frame_0003.jpeg",
    "filename": "Suturing_D002_428_522_frame_0003.jpeg",
    "url": "https://darwin.v7labs.com/api/images/71522913/original",
    "thumbnail_url": "https://darwin.v7labs.com/api/images/71522913/thumbnail",
    "path": "/",
    "workview_url": "https://darwin.v7labs.com/workview?dataset=161769&image=13"
  },
  "annotations": [
    {
      "keypoint": {
        "x": 168.82,
        "y": 302.6
      },
      "name": "Needle End"
    },
    {
      "keypoint": {
        "x": 28.96,
        "y": 293.24
      },
      "name": "Needle Tip"
    },
    {
      "name": "Right-Grasper",
      "polygon": {
        "path": [
          {
            "x": 487.31,
            "y": 181.8
          },
          {
            "x": 491.31,
            "y": 184.35
          },
          {
            "x": 492.9,
            "y": 188.8
          },
          {
            "x": 492.9,
            "y": 194.53
          },
          {
            "x": 492.9,
            "y": 203.77
          },
          {
            "x": 494.49,
            "y": 211.09
          },
          {
            "x": 497.99,
            "y": 217.45
          },
          {
            "x": 502.77,
            "y": 223.18
          },
          {
            "x": 519.0,
            "y": 232.42
          },
          {
            "x": 526.64,
            "y": 235.6
          },
          {
            "x": 532.06,
            "y": 236.55
          },
          {
            "x": 535.88,
            "y": 237.51
          },
          {
            "x": 553.39,
            "y": 200.26
          },
          {
            "x": 550.52,
            "y": 194.85
          },
          {
            "x": 543.2,
            "y": 189.12
          },
          {
            "x": 535.88,
            "y": 184.98
          },
          {
            "x": 527.28,
            "y": 183.39
          },
          {
            "x": 519.0,
            "y": 183.39
          },
          {
            "x": 511.05,
            "y": 183.71
          },
          {
            "x": 509.45,
            "y": 183.71
          },
          {
            "x": 505.0,
            "y": 181.16
          },
          {
            "x": 501.18,
            "y": 178.62
          },
          {
            "x": 497.99,
            "y": 177.03
          },
          {
            "x": 495.13,
            "y": 175.11
          },
          {
            "x": 492.58,
            "y": 174.8
          },
          {
            "x": 490.04,
            "y": 175.11
          },
          {
            "x": 487.81,
            "y": 176.07
          },
          {
            "x": 486.47,
            "y": 178.81
          }
        ]
      }
    },
    {
      "name": "Left-Grasper",
      "polygon": {
        "path": [
          {
            "x": -0.69,
            "y": 265.36
          },
          {
            "x": 13.03,
            "y": 259.44
          },
          {
            "x": 18.02,
            "y": 256.94
          },
          {
            "x": 24.89,
            "y": 256.63
          },
          {
            "x": 29.88,
            "y": 259.12
          },
          {
            "x": 33.31,
            "y": 262.87
          },
          {
            "x": 35.49,
            "y": 269.11
          },
          {
            "x": 35.81,
            "y": 274.72
          },
          {
            "x": 33.31,
            "y": 279.09
          },
          {
            "x": 17.09,
            "y": 293.75
          },
          {
            "x": 6.79,
            "y": 306.23
          },
          {
            "x": -0.07,
            "y": 314.34
          }
        ]
      }
    }
  ]
}