{
  "dataset": "Surgery Tools Needle",
  "image": {
    "width": 640,
    "height": 480,
    "original_filename": "Suturing_D002_1383_1489_frame_0002.jpeg",
    "filename": "Suturing_D002_1383_1489_frame_0002.jpeg",
    "url": "https://darwin.v7labs.com/api/images/71522947/original",
    "thumbnail_url": "https://darwin.v7labs.com/api/images/71522947/thumbnail",
    "path": "/",
    "workview_url": "https://darwin.v7labs.com/workview?dataset=161769&image=47"
  },
  "annotations": [
    {
      "name": "Left-Grasper",
      "polygon": {
        "path": [
          {
            "x": 48.05,
            "y": 246.73
          },
          {
            "x": 66.76,
            "y": 312.87
          },
          {
            "x": 84.55,
            "y": 309.13
          },
          {
            "x": 98.59,
            "y": 303.33
          },
          {
            "x": 113.47,
            "y": 294.11
          },
          {
            "x": 123.77,
            "y": 287.51
          },
          {
            "x": 128.76,
            "y": 277.13
          },
          {
            "x": 134.46,
            "y": 264.83
          },
          {
            "x": 135.71,
            "y": 256.72
          },
          {
            "x": 137.89,
            "y": 250.16
          },
          {
            "x": 150.06,
            "y": 229.89
          },
          {
            "x": 150.37,
            "y": 227.08
          },
          {
            "x": 150.07,
            "y": 224.73
          },
          {
            "x": 148.0,
            "y": 223.14
          },
          {
            "x": 145.45,
            "y": 222.66
          },
          {
            "x": 143.06,
            "y": 224.25
          },
          {
            "x": 136.06,
            "y": 233.48
          },
          {
            "x": 134.63,
            "y": 234.12
          },
          {
            "x": 133.51,
            "y": 234.28
          },
          {
            "x": 132.88,
            "y": 232.37
          },
          {
            "x": 140.99,
            "y": 221.7
          },
          {
            "x": 141.47,
            "y": 218.84
          },
          {
            "x": 140.84,
            "y": 217.41
          },
          {
            "x": 139.4,
            "y": 215.97
          },
          {
            "x": 135.9,
            "y": 215.02
          },
          {
            "x": 132.08,
            "y": 215.02
          },
          {
            "x": 111.23,
            "y": 238.1
          },
          {
            "x": 81.21,
            "y": 236.15
          },
          {
            "x": 71.7,
            "y": 235.72
          },
          {
            "x": 63.08,
            "y": 236.16
          },
          {
            "x": 54.46,
            "y": 240.13
          }
        ]
      }
    },
    {
      "name": "Right-Grasper",
      "polygon": {
        "path": [
          {
            "x": 401.55,
            "y": 220.4
          },
          {
            "x": 403.13,
            "y": 240.71
          },
          {
            "x": 399.52,
            "y": 249.28
          },
          {
            "x": 398.84,
            "y": 255.82
          },
          {
            "x": 399.97,
            "y": 265.29
          },
          {
            "x": 404.71,
            "y": 276.35
          },
          {
            "x": 414.27,
            "y": 289.34
          },
          {
            "x": 424.29,
            "y": 296.97
          },
          {
            "x": 459.97,
            "y": 265.07
          },
          {
            "x": 458.62,
            "y": 258.75
          },
          {
            "x": 449.6,
            "y": 249.95
          },
          {
            "x": 439.45,
            "y": 243.64
          },
          {
            "x": 434.03,
            "y": 240.25
          },
          {
            "x": 426.36,
            "y": 238.9
          },
          {
            "x": 423.43,
            "y": 238.45
          },
          {
            "x": 422.3,
            "y": 237.1
          },
          {
            "x": 419.37,
            "y": 231.01
          },
          {
            "x": 415.99,
            "y": 220.18
          },
          {
            "x": 413.5,
            "y": 217.7
          },
          {
            "x": 409.9,
            "y": 217.02
          },
          {
            "x": 404.71,
            "y": 217.02
          },
          {
            "x": 402.0,
            "y": 218.15
          }
        ]
      }
    },
    {
      "keypoint": {
        "x": 253.86,
        "y": 259.14
      },
      "name": "Needle End"
    },
    {
      "keypoint": {
        "x": 136.4,
        "y": 256.92
      },
      "name": "Needle Tip"
    }
  ]
}