{
  "dataset": "Surgery Tools Needle",
  "image": {
    "width": 640,
    "height": 480,
    "original_filename": "Suturing_D002_941_1001_frame_0000.jpeg",
    "filename": "Suturing_D002_941_1001_frame_0000.jpeg",
    "url": "https://darwin.v7labs.com/api/images/71522941/original",
    "thumbnail_url": "https://darwin.v7labs.com/api/images/71522941/thumbnail",
    "path": "/",
    "workview_url": "https://darwin.v7labs.com/workview?dataset=161769&image=41"
  },
  "annotations": [
    {
      "name": "Left-Grasper",
      "polygon": {
        "path": [
          {
            "x": 62.35,
            "y": 265.07
          },
          {
            "x": 82.26,
            "y": 329.93
          },
          {
            "x": 93.49,
            "y": 328.08
          },
          {
            "x": 105.22,
            "y": 323.56
          },
          {
            "x": 108.78,
            "y": 321.7
          },
          {
            "x": 119.69,
            "y": 313.44
          },
          {
            "x": 128.42,
            "y": 307.15
          },
          {
            "x": 136.18,
            "y": 299.9
          },
          {
            "x": 141.91,
            "y": 288.2
          },
          {
            "x": 142.02,
            "y": 281.36
          },
          {
            "x": 140.04,
            "y": 271.35
          },
          {
            "x": 141.46,
            "y": 267.18
          },
          {
            "x": 147.22,
            "y": 252.32
          },
          {
            "x": 148.6,
            "y": 248.45
          },
          {
            "x": 147.93,
            "y": 247.33
          },
          {
            "x": 143.92,
            "y": 245.99
          },
          {
            "x": 140.8,
            "y": 247.78
          },
          {
            "x": 137.46,
            "y": 253.57
          },
          {
            "x": 135.23,
            "y": 256.47
          },
          {
            "x": 133.67,
            "y": 256.47
          },
          {
            "x": 133.67,
            "y": 252.9
          },
          {
            "x": 137.46,
            "y": 245.33
          },
          {
            "x": 137.9,
            "y": 242.21
          },
          {
            "x": 135.01,
            "y": 240.65
          },
          {
            "x": 131.44,
            "y": 240.65
          },
          {
            "x": 127.43,
            "y": 241.98
          },
          {
            "x": 123.64,
            "y": 246.89
          },
          {
            "x": 118.07,
            "y": 256.02
          },
          {
            "x": 116.06,
            "y": 259.81
          },
          {
            "x": 113.39,
            "y": 260.26
          },
          {
            "x": 101.8,
            "y": 257.8
          },
          {
            "x": 93.49,
            "y": 256.61
          },
          {
            "x": 84.07,
            "y": 256.21
          },
          {
            "x": 78.14,
            "y": 257.19
          },
          {
            "x": 72.65,
            "y": 259.38
          },
          {
            "x": 67.04,
            "y": 261.82
          }
        ]
      }
    },
    {
      "name": "Right-Grasper",
      "polygon": {
        "path": [
          {
            "x": 259.9,
            "y": 290.29
          },
          {
            "x": 260.25,
            "y": 293.46
          },
          {
            "x": 269.37,
            "y": 312.87
          },
          {
            "x": 269.37,
            "y": 321.71
          },
          {
            "x": 270.63,
            "y": 331.5
          },
          {
            "x": 276.0,
            "y": 340.35
          },
          {
            "x": 285.79,
            "y": 346.66
          },
          {
            "x": 293.06,
            "y": 350.14
          },
          {
            "x": 322.11,
            "y": 321.71
          },
          {
            "x": 321.8,
            "y": 313.5
          },
          {
            "x": 317.69,
            "y": 307.82
          },
          {
            "x": 308.85,
            "y": 302.45
          },
          {
            "x": 293.69,
            "y": 297.4
          },
          {
            "x": 286.11,
            "y": 296.76
          },
          {
            "x": 282.95,
            "y": 296.45
          },
          {
            "x": 272.74,
            "y": 288.89
          },
          {
            "x": 271.45,
            "y": 288.4
          },
          {
            "x": 268.23,
            "y": 287.6
          },
          {
            "x": 263.88,
            "y": 287.6
          },
          {
            "x": 261.3,
            "y": 288.24
          }
        ]
      }
    },
    {
      "keypoint": {
        "x": 241.92,
        "y": 295.5
      },
      "name": "Needle End"
    },
    {
      "keypoint": {
        "x": 143.9,
        "y": 277.54
      },
      "name": "Needle Tip"
    }
  ]
}