{
  "dataset": "Surgery Tools Needle",
  "image": {
    "width": 640,
    "height": 480,
    "original_filename": "Suturing_D001_636_853_frame_0005.jpeg",
    "filename": "Suturing_D001_636_853_frame_0005.jpeg",
    "url": "https://darwin.v7labs.com/api/images/71522930/original",
    "thumbnail_url": "https://darwin.v7labs.com/api/images/71522930/thumbnail",
    "path": "/",
    "workview_url": "https://darwin.v7labs.com/workview?dataset=161769&image=30"
  },
  "annotations": [
    {
      "name": "Right-Grasper",
      "polygon": {
        "path": [
          {
            "x": 312.66,
            "y": 331.76
          },
          {
            "x": 317.47,
            "y": 345.3
          },
          {
            "x": 318.78,
            "y": 354.47
          },
          {
            "x": 317.47,
            "y": 361.9
          },
          {
            "x": 317.9,
            "y": 367.58
          },
          {
            "x": 318.34,
            "y": 371.95
          },
          {
            "x": 320.96,
            "y": 377.62
          },
          {
            "x": 327.51,
            "y": 386.8
          },
          {
            "x": 338.87,
            "y": 395.53
          },
          {
            "x": 344.98,
            "y": 396.84
          },
          {
            "x": 370.31,
            "y": 361.03
          },
          {
            "x": 366.82,
            "y": 353.6
          },
          {
            "x": 356.78,
            "y": 346.61
          },
          {
            "x": 346.73,
            "y": 342.68
          },
          {
            "x": 337.99,
            "y": 342.68
          },
          {
            "x": 335.37,
            "y": 340.5
          },
          {
            "x": 328.82,
            "y": 335.69
          },
          {
            "x": 324.89,
            "y": 329.58
          },
          {
            "x": 320.52,
            "y": 326.09
          },
          {
            "x": 318.78,
            "y": 326.09
          },
          {
            "x": 316.16,
            "y": 326.52
          }
        ]
      }
    },
    {
      "name": "Left-Grasper",
      "polygon": {
        "path": [
          {
            "x": 65.02,
            "y": 255.7
          },
          {
            "x": 77.19,
            "y": 311.55
          },
          {
            "x": 80.62,
            "y": 312.17
          },
          {
            "x": 87.48,
            "y": 311.55
          },
          {
            "x": 101.52,
            "y": 306.24
          },
          {
            "x": 108.07,
            "y": 302.19
          },
          {
            "x": 114.0,
            "y": 295.01
          },
          {
            "x": 118.05,
            "y": 284.72
          },
          {
            "x": 120.86,
            "y": 275.98
          },
          {
            "x": 126.17,
            "y": 271.3
          },
          {
            "x": 137.4,
            "y": 261.32
          },
          {
            "x": 139.27,
            "y": 259.14
          },
          {
            "x": 139.89,
            "y": 256.02
          },
          {
            "x": 139.58,
            "y": 252.27
          },
          {
            "x": 138.02,
            "y": 250.71
          },
          {
            "x": 135.52,
            "y": 249.78
          },
          {
            "x": 133.65,
            "y": 250.71
          },
          {
            "x": 131.56,
            "y": 251.87
          },
          {
            "x": 130.0,
            "y": 250.31
          },
          {
            "x": 133.56,
            "y": 248.31
          },
          {
            "x": 134.01,
            "y": 246.97
          },
          {
            "x": 134.01,
            "y": 244.96
          },
          {
            "x": 133.34,
            "y": 243.18
          },
          {
            "x": 131.56,
            "y": 241.18
          },
          {
            "x": 129.11,
            "y": 240.28
          },
          {
            "x": 126.21,
            "y": 240.28
          },
          {
            "x": 120.42,
            "y": 241.84
          },
          {
            "x": 104.15,
            "y": 253.65
          },
          {
            "x": 102.37,
            "y": 254.99
          },
          {
            "x": 100.14,
            "y": 254.77
          },
          {
            "x": 95.24,
            "y": 253.21
          },
          {
            "x": 88.98,
            "y": 252.21
          },
          {
            "x": 81.19,
            "y": 252.44
          },
          {
            "x": 75.73,
            "y": 253.34
          },
          {
            "x": 68.06,
            "y": 254.55
          }
        ]
      }
    },
    {
      "keypoint": {
        "x": 135.93,
        "y": 263.68
      },
      "name": "Needle Tip"
    },
    {
      "keypoint": {
        "x": 217.57,
        "y": 290.53
      },
      "name": "Needle End"
    }
  ]
}