{
  "dataset": "Surgery Tools Needle",
  "image": {
    "width": 640,
    "height": 480,
    "original_filename": "Suturing_D001_636_853_frame_0012.jpeg",
    "filename": "Suturing_D001_636_853_frame_0012.jpeg",
    "url": "https://darwin.v7labs.com/api/images/71522904/original",
    "thumbnail_url": "https://darwin.v7labs.com/api/images/71522904/thumbnail",
    "path": "/",
    "workview_url": "https://darwin.v7labs.com/workview?dataset=161769&image=4"
  },
  "annotations": [
    {
      "name": "Right-Grasper",
      "polygon": {
        "path": [
          {
            "x": 570.95,
            "y": 250.76
          },
          {
            "x": 569.99,
            "y": 257.77
          },
          {
            "x": 570.45,
            "y": 270.23
          },
          {
            "x": 570.67,
            "y": 275.0
          },
          {
            "x": 568.85,
            "y": 282.05
          },
          {
            "x": 566.58,
            "y": 286.83
          },
          {
            "x": 565.9,
            "y": 295.47
          },
          {
            "x": 566.13,
            "y": 303.2
          },
          {
            "x": 567.94,
            "y": 309.11
          },
          {
            "x": 571.58,
            "y": 315.02
          },
          {
            "x": 578.18,
            "y": 320.03
          },
          {
            "x": 586.13,
            "y": 323.44
          },
          {
            "x": 589.09,
            "y": 325.26
          },
          {
            "x": 594.32,
            "y": 329.58
          },
          {
            "x": 601.6,
            "y": 333.1
          },
          {
            "x": 607.96,
            "y": 335.03
          },
          {
            "x": 610.92,
            "y": 334.81
          },
          {
            "x": 611.83,
            "y": 334.12
          },
          {
            "x": 618.65,
            "y": 283.87
          },
          {
            "x": 614.1,
            "y": 280.23
          },
          {
            "x": 605.69,
            "y": 278.87
          },
          {
            "x": 595.46,
            "y": 277.73
          },
          {
            "x": 591.36,
            "y": 276.37
          },
          {
            "x": 590.23,
            "y": 271.37
          },
          {
            "x": 589.77,
            "y": 265.0
          },
          {
            "x": 587.73,
            "y": 259.31
          },
          {
            "x": 582.95,
            "y": 252.95
          },
          {
            "x": 581.36,
            "y": 250.22
          },
          {
            "x": 579.09,
            "y": 248.63
          },
          {
            "x": 574.31,
            "y": 249.31
          }
        ]
      }
    },
    {
      "name": "Left-Grasper",
      "polygon": {
        "path": [
          {
            "x": 111.9,
            "y": 283.99
          },
          {
            "x": 119.39,
            "y": 336.72
          },
          {
            "x": 129.68,
            "y": 336.41
          },
          {
            "x": 144.35,
            "y": 336.09
          },
          {
            "x": 151.21,
            "y": 332.97
          },
          {
            "x": 157.45,
            "y": 327.98
          },
          {
            "x": 164.63,
            "y": 319.87
          },
          {
            "x": 169.31,
            "y": 313.01
          },
          {
            "x": 172.74,
            "y": 307.7
          },
          {
            "x": 177.1,
            "y": 303.65
          },
          {
            "x": 182.1,
            "y": 298.97
          },
          {
            "x": 198.01,
            "y": 283.37
          },
          {
            "x": 202.69,
            "y": 277.75
          },
          {
            "x": 203.62,
            "y": 273.7
          },
          {
            "x": 202.06,
            "y": 271.52
          },
          {
            "x": 198.63,
            "y": 270.89
          },
          {
            "x": 193.35,
            "y": 273.37
          },
          {
            "x": 191.92,
            "y": 274.81
          },
          {
            "x": 189.69,
            "y": 275.76
          },
          {
            "x": 189.21,
            "y": 275.13
          },
          {
            "x": 190.17,
            "y": 273.37
          },
          {
            "x": 196.38,
            "y": 268.28
          },
          {
            "x": 197.01,
            "y": 265.42
          },
          {
            "x": 195.9,
            "y": 262.55
          },
          {
            "x": 194.31,
            "y": 260.96
          },
          {
            "x": 192.4,
            "y": 260.16
          },
          {
            "x": 189.37,
            "y": 260.32
          },
          {
            "x": 186.67,
            "y": 260.96
          },
          {
            "x": 168.84,
            "y": 273.37
          },
          {
            "x": 164.7,
            "y": 277.51
          },
          {
            "x": 161.84,
            "y": 277.99
          },
          {
            "x": 157.38,
            "y": 277.35
          },
          {
            "x": 146.56,
            "y": 276.08
          },
          {
            "x": 138.92,
            "y": 276.4
          },
          {
            "x": 131.12,
            "y": 277.19
          },
          {
            "x": 119.82,
            "y": 279.42
          }
        ]
      }
    },
    {
      "keypoint": {
        "x": 202.02,
        "y": 279.1
      },
      "name": "Needle Tip"
    },
    {
      "keypoint": {
        "x": 290.8,
        "y": 293.79
      },
      "name": "Needle End"
    }
  ]
}