{
  "dataset": "Surgery Tools Needle",
  "image": {
    "width": 640,
    "height": 480,
    "original_filename": "Suturing_D002_428_522_frame_0005.jpeg",
    "filename": "Suturing_D002_428_522_frame_0005.jpeg",
    "url": "https://darwin.v7labs.com/api/images/71522915/original",
    "thumbnail_url": "https://darwin.v7labs.com/api/images/71522915/thumbnail",
    "path": "/",
    "workview_url": "https://darwin.v7labs.com/workview?dataset=161769&image=15"
  },
  "annotations": [
    {
      "keypoint": {
        "x": 248.38,
        "y": 296.87
      },
      "name": "Needle End"
    },
    {
      "keypoint": {
        "x": 99.65,
        "y": 285.6
      },
      "name": "Needle Tip"
    },
    {
      "name": "Left-Grasper",
      "polygon": {
        "path": [
          {
            "x": 0.37,
            "y": 270.9
          },
          {
            "x": 5.79,
            "y": 270.58
          },
          {
            "x": 14.7,
            "y": 270.58
          },
          {
            "x": 26.8,
            "y": 270.9
          },
          {
            "x": 38.57,
            "y": 271.85
          },
          {
            "x": 44.94,
            "y": 272.49
          },
          {
            "x": 54.49,
            "y": 274.08
          },
          {
            "x": 59.29,
            "y": 273.74
          },
          {
            "x": 61.81,
            "y": 271.85
          },
          {
            "x": 65.32,
            "y": 269.94
          },
          {
            "x": 70.73,
            "y": 268.67
          },
          {
            "x": 76.14,
            "y": 267.4
          },
          {
            "x": 89.51,
            "y": 255.3
          },
          {
            "x": 97.47,
            "y": 250.84
          },
          {
            "x": 101.61,
            "y": 249.25
          },
          {
            "x": 104.15,
            "y": 249.57
          },
          {
            "x": 106.38,
            "y": 251.48
          },
          {
            "x": 107.34,
            "y": 253.39
          },
          {
            "x": 106.7,
            "y": 255.3
          },
          {
            "x": 105.11,
            "y": 258.48
          },
          {
            "x": 99.7,
            "y": 262.3
          },
          {
            "x": 97.15,
            "y": 266.12
          },
          {
            "x": 97.79,
            "y": 268.03
          },
          {
            "x": 100.01,
            "y": 267.08
          },
          {
            "x": 103.83,
            "y": 263.26
          },
          {
            "x": 107.34,
            "y": 259.44
          },
          {
            "x": 111.47,
            "y": 257.53
          },
          {
            "x": 113.38,
            "y": 257.85
          },
          {
            "x": 115.29,
            "y": 258.48
          },
          {
            "x": 116.57,
            "y": 261.98
          },
          {
            "x": 113.07,
            "y": 267.4
          },
          {
            "x": 104.79,
            "y": 277.58
          },
          {
            "x": 96.83,
            "y": 285.54
          },
          {
            "x": 91.74,
            "y": 292.07
          },
          {
            "x": 85.69,
            "y": 300.03
          },
          {
            "x": 80.28,
            "y": 304.96
          },
          {
            "x": 76.78,
            "y": 310.69
          },
          {
            "x": 70.85,
            "y": 319.75
          },
          {
            "x": 66.27,
            "y": 327.88
          },
          {
            "x": 59.59,
            "y": 335.04
          },
          {
            "x": 55.29,
            "y": 339.98
          },
          {
            "x": 53.22,
            "y": 343.0
          },
          {
            "x": 40.33,
            "y": 349.05
          },
          {
            "x": 25.84,
            "y": 352.07
          },
          {
            "x": 5.3,
            "y": 352.13
          },
          {
            "x": 0.22,
            "y": 352.23
          }
        ]
      }
    }
  ]
}