{
  "dataset": "Surgery Tools Needle",
  "image": {
    "width": 640,
    "height": 480,
    "original_filename": "Suturing_D002_941_1001_frame_0001.jpeg",
    "filename": "Suturing_D002_941_1001_frame_0001.jpeg",
    "url": "https://darwin.v7labs.com/api/images/71522942/original",
    "thumbnail_url": "https://darwin.v7labs.com/api/images/71522942/thumbnail",
    "path": "/",
    "workview_url": "https://darwin.v7labs.com/workview?dataset=161769&image=42"
  },
  "annotations": [
    {
      "keypoint": {
        "x": 158.12,
        "y": 274.75
      },
      "name": "Needle Tip"
    },
    {
      "keypoint": {
        "x": 271.32,
        "y": 276.98
      },
      "name": "Needle End"
    },
    {
      "name": "Right-Grasper",
      "polygon": {
        "path": [
          {
            "x": 394.62,
            "y": 229.4
          },
          {
            "x": 396.84,
            "y": 248.35
          },
          {
            "x": 395.26,
            "y": 254.66
          },
          {
            "x": 392.1,
            "y": 266.35
          },
          {
            "x": 392.41,
            "y": 278.03
          },
          {
            "x": 398.1,
            "y": 285.61
          },
          {
            "x": 415.15,
            "y": 299.51
          },
          {
            "x": 424.31,
            "y": 304.56
          },
          {
            "x": 429.36,
            "y": 304.88
          },
          {
            "x": 430.63,
            "y": 302.35
          },
          {
            "x": 451.47,
            "y": 265.4
          },
          {
            "x": 449.58,
            "y": 259.71
          },
          {
            "x": 443.58,
            "y": 254.35
          },
          {
            "x": 430.0,
            "y": 248.98
          },
          {
            "x": 414.84,
            "y": 243.92
          },
          {
            "x": 411.99,
            "y": 242.66
          },
          {
            "x": 408.84,
            "y": 238.87
          },
          {
            "x": 405.99,
            "y": 227.82
          },
          {
            "x": 402.52,
            "y": 224.98
          },
          {
            "x": 398.41,
            "y": 224.66
          },
          {
            "x": 395.57,
            "y": 225.61
          }
        ]
      }
    },
    {
      "name": "Left-Grasper",
      "polygon": {
        "path": [
          {
            "x": 79.81,
            "y": 275.32
          },
          {
            "x": 104.77,
            "y": 336.82
          },
          {
            "x": 116.36,
            "y": 335.48
          },
          {
            "x": 128.39,
            "y": 331.92
          },
          {
            "x": 143.99,
            "y": 322.11
          },
          {
            "x": 156.92,
            "y": 309.63
          },
          {
            "x": 158.7,
            "y": 303.84
          },
          {
            "x": 158.7,
            "y": 293.59
          },
          {
            "x": 157.36,
            "y": 280.22
          },
          {
            "x": 156.47,
            "y": 276.21
          },
          {
            "x": 159.14,
            "y": 270.86
          },
          {
            "x": 164.63,
            "y": 259.78
          },
          {
            "x": 166.9,
            "y": 253.87
          },
          {
            "x": 167.36,
            "y": 250.91
          },
          {
            "x": 164.86,
            "y": 248.64
          },
          {
            "x": 163.04,
            "y": 249.09
          },
          {
            "x": 160.31,
            "y": 250.91
          },
          {
            "x": 156.44,
            "y": 260.24
          },
          {
            "x": 154.17,
            "y": 262.28
          },
          {
            "x": 152.12,
            "y": 262.28
          },
          {
            "x": 154.85,
            "y": 256.14
          },
          {
            "x": 156.44,
            "y": 249.55
          },
          {
            "x": 154.62,
            "y": 246.82
          },
          {
            "x": 150.3,
            "y": 245.0
          },
          {
            "x": 147.8,
            "y": 245.46
          },
          {
            "x": 144.39,
            "y": 248.64
          },
          {
            "x": 140.07,
            "y": 259.33
          },
          {
            "x": 137.8,
            "y": 264.1
          },
          {
            "x": 136.2,
            "y": 265.47
          },
          {
            "x": 130.07,
            "y": 266.37
          },
          {
            "x": 108.24,
            "y": 264.1
          },
          {
            "x": 105.28,
            "y": 262.28
          },
          {
            "x": 97.32,
            "y": 263.19
          },
          {
            "x": 91.86,
            "y": 264.56
          },
          {
            "x": 85.73,
            "y": 267.97
          },
          {
            "x": 81.41,
            "y": 273.65
          }
        ]
      }
    }
  ]
}