{
  "dataset": "Surgery Tools Needle",
  "image": {
    "width": 640,
    "height": 480,
    "original_filename": "Suturing_D002_428_522_frame_0001.jpeg",
    "filename": "Suturing_D002_428_522_frame_0001.jpeg",
    "url": "https://darwin.v7labs.com/api/images/71522911/original",
    "thumbnail_url": "https://darwin.v7labs.com/api/images/71522911/thumbnail",
    "path": "/",
    "workview_url": "https://darwin.v7labs.com/workview?dataset=161769&image=11"
  },
  "annotations": [
    {
      "keypoint": {
        "x": 91.31,
        "y": 315.52
      },
      "name": "Needle End"
    },
    {
      "keypoint": {
        "x": 0.82,
        "y": 312.46
      },
      "name": "Needle Tip"
    },
    {
      "name": "Right-Grasper",
      "polygon": {
        "path": [
          {
            "x": 312.7,
            "y": 314.78
          },
          {
            "x": 311.45,
            "y": 318.84
          },
          {
            "x": 311.67,
            "y": 323.29
          },
          {
            "x": 312.79,
            "y": 326.63
          },
          {
            "x": 314.57,
            "y": 328.42
          },
          {
            "x": 315.46,
            "y": 333.1
          },
          {
            "x": 317.02,
            "y": 342.68
          },
          {
            "x": 317.47,
            "y": 349.81
          },
          {
            "x": 319.03,
            "y": 354.49
          },
          {
            "x": 321.93,
            "y": 358.95
          },
          {
            "x": 330.84,
            "y": 365.85
          },
          {
            "x": 337.3,
            "y": 370.09
          },
          {
            "x": 343.76,
            "y": 372.32
          },
          {
            "x": 348.44,
            "y": 372.98
          },
          {
            "x": 350.0,
            "y": 373.21
          },
          {
            "x": 371.4,
            "y": 342.01
          },
          {
            "x": 370.28,
            "y": 338.22
          },
          {
            "x": 368.5,
            "y": 332.43
          },
          {
            "x": 365.38,
            "y": 329.31
          },
          {
            "x": 354.01,
            "y": 326.19
          },
          {
            "x": 346.21,
            "y": 325.3
          },
          {
            "x": 339.31,
            "y": 324.85
          },
          {
            "x": 333.74,
            "y": 323.74
          },
          {
            "x": 330.84,
            "y": 321.96
          },
          {
            "x": 327.05,
            "y": 319.73
          },
          {
            "x": 324.15,
            "y": 314.38
          },
          {
            "x": 321.48,
            "y": 312.6
          },
          {
            "x": 319.03,
            "y": 311.7
          },
          {
            "x": 317.47,
            "y": 311.7
          },
          {
            "x": 314.35,
            "y": 312.37
          }
        ]
      }
    }
  ]
}