{
  "dataset": "Surgery Tools Needle",
  "image": {
    "width": 640,
    "height": 480,
    "original_filename": "Suturing_D001_636_853_frame_0009.jpeg",
    "filename": "Suturing_D001_636_853_frame_0009.jpeg",
    "url": "https://darwin.v7labs.com/api/images/71522901/original",
    "thumbnail_url": "https://darwin.v7labs.com/api/images/71522901/thumbnail",
    "path": "/",
    "workview_url": "https://darwin.v7labs.com/workview?dataset=161769&image=1"
  },
  "annotations": [
    {
      "name": "Left-Grasper",
      "polygon": {
        "path": [
          {
            "x": 97.83,
            "y": 275.36
          },
          {
            "x": 106.01,
            "y": 270.9
          },
          {
            "x": 116.17,
            "y": 268.42
          },
          {
            "x": 127.33,
            "y": 267.68
          },
          {
            "x": 135.51,
            "y": 267.68
          },
          {
            "x": 142.21,
            "y": 269.41
          },
          {
            "x": 146.15,
            "y": 271.33
          },
          {
            "x": 168.48,
            "y": 255.26
          },
          {
            "x": 172.95,
            "y": 252.56
          },
          {
            "x": 177.16,
            "y": 253.05
          },
          {
            "x": 179.14,
            "y": 254.79
          },
          {
            "x": 180.14,
            "y": 256.77
          },
          {
            "x": 179.89,
            "y": 258.26
          },
          {
            "x": 171.46,
            "y": 266.94
          },
          {
            "x": 173.44,
            "y": 268.67
          },
          {
            "x": 179.39,
            "y": 264.46
          },
          {
            "x": 182.62,
            "y": 263.22
          },
          {
            "x": 184.6,
            "y": 265.2
          },
          {
            "x": 185.34,
            "y": 270.41
          },
          {
            "x": 181.56,
            "y": 275.57
          },
          {
            "x": 173.2,
            "y": 284.65
          },
          {
            "x": 169.94,
            "y": 287.92
          },
          {
            "x": 161.55,
            "y": 295.87
          },
          {
            "x": 160.38,
            "y": 304.68
          },
          {
            "x": 157.57,
            "y": 310.66
          },
          {
            "x": 152.3,
            "y": 315.57
          },
          {
            "x": 143.17,
            "y": 321.9
          },
          {
            "x": 127.71,
            "y": 326.12
          },
          {
            "x": 118.92,
            "y": 326.12
          },
          {
            "x": 111.54,
            "y": 322.95
          },
          {
            "x": 106.62,
            "y": 318.39
          },
          {
            "x": 99.95,
            "y": 294.14
          },
          {
            "x": 96.79,
            "y": 278.33
          }
        ]
      }
    },
    {
      "name": "Right-Grasper",
      "polygon": {
        "path": [
          {
            "x": 355.71,
            "y": 292.8
          },
          {
            "x": 355.98,
            "y": 309.65
          },
          {
            "x": 356.02,
            "y": 311.9
          },
          {
            "x": 356.09,
            "y": 316.83
          },
          {
            "x": 356.5,
            "y": 317.48
          },
          {
            "x": 353.87,
            "y": 324.33
          },
          {
            "x": 351.73,
            "y": 332.05
          },
          {
            "x": 350.44,
            "y": 344.05
          },
          {
            "x": 356.02,
            "y": 352.62
          },
          {
            "x": 367.16,
            "y": 363.34
          },
          {
            "x": 367.16,
            "y": 363.76
          },
          {
            "x": 383.02,
            "y": 372.77
          },
          {
            "x": 402.31,
            "y": 346.19
          },
          {
            "x": 412.6,
            "y": 333.76
          },
          {
            "x": 402.31,
            "y": 324.76
          },
          {
            "x": 388.16,
            "y": 320.04
          },
          {
            "x": 377.45,
            "y": 318.76
          },
          {
            "x": 374.02,
            "y": 314.9
          },
          {
            "x": 369.24,
            "y": 290.35
          },
          {
            "x": 367.41,
            "y": 287.28
          },
          {
            "x": 361.59,
            "y": 286.37
          },
          {
            "x": 358.22,
            "y": 287.9
          }
        ]
      }
    },
    {
      "keypoint": {
        "x": 263.29,
        "y": 296.96
      },
      "name": "Needle End"
    },
    {
      "keypoint": {
        "x": 183.22,
        "y": 275.78
      },
      "name": "Needle Tip"
    }
  ]
}