{
  "dataset": "Surgery Tools Needle",
  "image": {
    "width": 640,
    "height": 480,
    "original_filename": "Suturing_D001_2115_2164_frame_0000.jpeg",
    "filename": "Suturing_D001_2115_2164_frame_0000.jpeg",
    "url": "https://darwin.v7labs.com/api/images/71522937/original",
    "thumbnail_url": "https://darwin.v7labs.com/api/images/71522937/thumbnail",
    "path": "/",
    "workview_url": "https://darwin.v7labs.com/workview?dataset=161769&image=37"
  },
  "annotations": [
    {
      "keypoint": {
        "x": 270.12,
        "y": 210.21
      },
      "name": "Needle End"
    },
    {
      "keypoint": {
        "x": 199.93,
        "y": 171.52
      },
      "name": "Needle Tip"
    },
    {
      "name": "Left-Grasper",
      "polygon": {
        "path": [
          {
            "x": 140.48,
            "y": 143.8
          },
          {
            "x": 150.95,
            "y": 191.04
          },
          {
            "x": 157.73,
            "y": 191.23
          },
          {
            "x": 178.58,
            "y": 184.36
          },
          {
            "x": 188.16,
            "y": 177.0
          },
          {
            "x": 194.83,
            "y": 171.12
          },
          {
            "x": 197.19,
            "y": 167.33
          },
          {
            "x": 198.17,
            "y": 163.41
          },
          {
            "x": 198.64,
            "y": 158.73
          },
          {
            "x": 198.64,
            "y": 155.39
          },
          {
            "x": 201.98,
            "y": 153.38
          },
          {
            "x": 213.57,
            "y": 143.36
          },
          {
            "x": 214.9,
            "y": 141.35
          },
          {
            "x": 215.57,
            "y": 138.9
          },
          {
            "x": 214.46,
            "y": 136.22
          },
          {
            "x": 212.67,
            "y": 135.78
          },
          {
            "x": 210.22,
            "y": 136.89
          },
          {
            "x": 208.44,
            "y": 137.34
          },
          {
            "x": 207.33,
            "y": 137.56
          },
          {
            "x": 206.88,
            "y": 136.89
          },
          {
            "x": 208.66,
            "y": 135.33
          },
          {
            "x": 210.45,
            "y": 133.11
          },
          {
            "x": 210.67,
            "y": 131.32
          },
          {
            "x": 210.22,
            "y": 129.54
          },
          {
            "x": 208.44,
            "y": 127.76
          },
          {
            "x": 205.83,
            "y": 127.44
          },
          {
            "x": 202.58,
            "y": 127.92
          },
          {
            "x": 197.46,
            "y": 131.45
          },
          {
            "x": 187.18,
            "y": 140.9
          },
          {
            "x": 177.69,
            "y": 136.45
          },
          {
            "x": 171.67,
            "y": 135.33
          },
          {
            "x": 164.32,
            "y": 135.56
          },
          {
            "x": 152.29,
            "y": 136.22
          },
          {
            "x": 147.38,
            "y": 137.78
          },
          {
            "x": 145.15,
            "y": 140.24
          }
        ]
      }
    },
    {
      "name": "Right-Grasper",
      "polygon": {
        "path": [
          {
            "x": 287.18,
            "y": 242.95
          },
          {
            "x": 287.49,
            "y": 262.21
          },
          {
            "x": 290.84,
            "y": 272.35
          },
          {
            "x": 290.65,
            "y": 278.64
          },
          {
            "x": 288.13,
            "y": 283.37
          },
          {
            "x": 287.49,
            "y": 288.74
          },
          {
            "x": 287.49,
            "y": 308.01
          },
          {
            "x": 290.34,
            "y": 314.95
          },
          {
            "x": 294.76,
            "y": 322.53
          },
          {
            "x": 297.92,
            "y": 326.32
          },
          {
            "x": 300.76,
            "y": 328.85
          },
          {
            "x": 338.66,
            "y": 300.11
          },
          {
            "x": 338.34,
            "y": 294.74
          },
          {
            "x": 333.92,
            "y": 284.01
          },
          {
            "x": 324.13,
            "y": 276.43
          },
          {
            "x": 314.34,
            "y": 273.58
          },
          {
            "x": 311.5,
            "y": 272.32
          },
          {
            "x": 310.55,
            "y": 271.06
          },
          {
            "x": 296.34,
            "y": 244.84
          },
          {
            "x": 294.76,
            "y": 242.63
          },
          {
            "x": 291.92,
            "y": 240.42
          },
          {
            "x": 290.02,
            "y": 240.42
          }
        ]
      }
    }
  ]
}