{
  "dataset": "Surgery Tools Needle",
  "image": {
    "width": 640,
    "height": 480,
    "original_filename": "Suturing_D002_428_522_frame_0002.jpeg",
    "filename": "Suturing_D002_428_522_frame_0002.jpeg",
    "url": "https://darwin.v7labs.com/api/images/71522912/original",
    "thumbnail_url": "https://darwin.v7labs.com/api/images/71522912/thumbnail",
    "path": "/",
    "workview_url": "https://darwin.v7labs.com/workview?dataset=161769&image=12"
  },
  "annotations": [
    {
      "name": "Right-Grasper",
      "polygon": {
        "path": [
          {
            "x": 382.69,
            "y": 247.79
          },
          {
            "x": 385.59,
            "y": 255.15
          },
          {
            "x": 388.26,
            "y": 261.83
          },
          {
            "x": 388.71,
            "y": 270.52
          },
          {
            "x": 388.71,
            "y": 276.1
          },
          {
            "x": 388.93,
            "y": 280.77
          },
          {
            "x": 390.72,
            "y": 285.68
          },
          {
            "x": 394.95,
            "y": 290.8
          },
          {
            "x": 399.18,
            "y": 296.37
          },
          {
            "x": 404.75,
            "y": 301.05
          },
          {
            "x": 409.88,
            "y": 303.06
          },
          {
            "x": 411.89,
            "y": 303.95
          },
          {
            "x": 437.29,
            "y": 272.08
          },
          {
            "x": 435.06,
            "y": 266.74
          },
          {
            "x": 429.71,
            "y": 261.39
          },
          {
            "x": 423.92,
            "y": 258.05
          },
          {
            "x": 417.9,
            "y": 256.26
          },
          {
            "x": 408.99,
            "y": 256.71
          },
          {
            "x": 403.86,
            "y": 256.26
          },
          {
            "x": 401.19,
            "y": 254.93
          },
          {
            "x": 399.18,
            "y": 251.81
          },
          {
            "x": 397.85,
            "y": 247.35
          },
          {
            "x": 394.73,
            "y": 245.12
          },
          {
            "x": 391.16,
            "y": 243.78
          },
          {
            "x": 388.49,
            "y": 243.78
          },
          {
            "x": 383.78,
            "y": 245.69
          }
        ]
      }
    },
    {
      "keypoint": {
        "x": 1.18,
        "y": 305.67
      },
      "name": "Needle Tip"
    },
    {
      "keypoint": {
        "x": 96.56,
        "y": 303.44
      },
      "name": "Needle End"
    }
  ]
}