{
  "dataset": "Surgery Tools Needle",
  "image": {
    "width": 640,
    "height": 480,
    "original_filename": "Suturing_D002_1383_1489_frame_0005.jpeg",
    "filename": "Suturing_D002_1383_1489_frame_0005.jpeg",
    "url": "https://darwin.v7labs.com/api/images/71522950/original",
    "thumbnail_url": "https://darwin.v7labs.com/api/images/71522950/thumbnail",
    "path": "/",
    "workview_url": "https://darwin.v7labs.com/workview?dataset=161769&image=50"
  },
  "annotations": [
    {
      "name": "Right-Grasper",
      "polygon": {
        "path": [
          {
            "x": 240.6,
            "y": 227.81
          },
          {
            "x": 243.41,
            "y": 241.79
          },
          {
            "x": 241.88,
            "y": 254.7
          },
          {
            "x": 243.47,
            "y": 269.51
          },
          {
            "x": 250.34,
            "y": 280.65
          },
          {
            "x": 262.53,
            "y": 290.5
          },
          {
            "x": 292.13,
            "y": 260.57
          },
          {
            "x": 290.39,
            "y": 255.33
          },
          {
            "x": 288.64,
            "y": 252.27
          },
          {
            "x": 282.09,
            "y": 245.28
          },
          {
            "x": 268.7,
            "y": 239.22
          },
          {
            "x": 261.04,
            "y": 236.95
          },
          {
            "x": 257.64,
            "y": 236.58
          },
          {
            "x": 254.12,
            "y": 235.97
          },
          {
            "x": 247.95,
            "y": 225.0
          },
          {
            "x": 244.63,
            "y": 224.39
          },
          {
            "x": 243.04,
            "y": 224.86
          },
          {
            "x": 241.13,
            "y": 225.98
          }
        ]
      }
    },
    {
      "name": "Left-Grasper",
      "polygon": {
        "path": [
          {
            "x": 35.4,
            "y": 150.0
          },
          {
            "x": 42.71,
            "y": 223.43
          },
          {
            "x": 53.42,
            "y": 220.75
          },
          {
            "x": 73.41,
            "y": 208.32
          },
          {
            "x": 84.87,
            "y": 196.36
          },
          {
            "x": 92.89,
            "y": 179.87
          },
          {
            "x": 95.12,
            "y": 164.71
          },
          {
            "x": 97.79,
            "y": 152.23
          },
          {
            "x": 105.37,
            "y": 144.21
          },
          {
            "x": 113.29,
            "y": 129.72
          },
          {
            "x": 115.11,
            "y": 124.04
          },
          {
            "x": 113.97,
            "y": 119.49
          },
          {
            "x": 112.15,
            "y": 118.58
          },
          {
            "x": 109.2,
            "y": 119.26
          },
          {
            "x": 106.92,
            "y": 120.63
          },
          {
            "x": 93.51,
            "y": 136.54
          },
          {
            "x": 90.78,
            "y": 134.27
          },
          {
            "x": 91.91,
            "y": 129.04
          },
          {
            "x": 98.51,
            "y": 123.13
          },
          {
            "x": 104.88,
            "y": 116.31
          },
          {
            "x": 105.1,
            "y": 113.81
          },
          {
            "x": 102.83,
            "y": 112.21
          },
          {
            "x": 98.28,
            "y": 111.76
          },
          {
            "x": 90.55,
            "y": 112.44
          },
          {
            "x": 85.09,
            "y": 115.62
          },
          {
            "x": 74.18,
            "y": 131.54
          },
          {
            "x": 69.63,
            "y": 135.86
          },
          {
            "x": 63.95,
            "y": 136.77
          },
          {
            "x": 52.8,
            "y": 139.73
          },
          {
            "x": 45.3,
            "y": 143.14
          }
        ]
      }
    },
    {
      "keypoint": {
        "x": 96.17,
        "y": 160.56
      },
      "name": "Needle Tip"
    },
    {
      "keypoint": {
        "x": 245.11,
        "y": 165.39
      },
      "name": "Needle End"
    }
  ]
}