{
  "dataset": "Surgery Tools Needle",
  "image": {
    "width": 640,
    "height": 480,
    "original_filename": "Suturing_D002_1383_1489_frame_0003.jpeg",
    "filename": "Suturing_D002_1383_1489_frame_0003.jpeg",
    "url": "https://darwin.v7labs.com/api/images/71522948/original",
    "thumbnail_url": "https://darwin.v7labs.com/api/images/71522948/thumbnail",
    "path": "/",
    "workview_url": "https://darwin.v7labs.com/workview?dataset=161769&image=48"
  },
  "annotations": [
    {
      "name": "Right-Grasper",
      "polygon": {
        "path": [
          {
            "x": 271.78,
            "y": 271.75
          },
          {
            "x": 274.28,
            "y": 297.33
          },
          {
            "x": 271.78,
            "y": 306.38
          },
          {
            "x": 272.09,
            "y": 316.36
          },
          {
            "x": 276.46,
            "y": 325.1
          },
          {
            "x": 286.76,
            "y": 336.64
          },
          {
            "x": 296.12,
            "y": 346.94
          },
          {
            "x": 325.75,
            "y": 316.68
          },
          {
            "x": 328.56,
            "y": 312.0
          },
          {
            "x": 324.82,
            "y": 305.13
          },
          {
            "x": 312.65,
            "y": 296.71
          },
          {
            "x": 294.87,
            "y": 285.79
          },
          {
            "x": 288.94,
            "y": 284.23
          },
          {
            "x": 281.76,
            "y": 272.06
          },
          {
            "x": 278.02,
            "y": 268.32
          },
          {
            "x": 276.46,
            "y": 268.01
          },
          {
            "x": 275.21,
            "y": 268.01
          },
          {
            "x": 272.72,
            "y": 269.26
          }
        ]
      }
    },
    {
      "name": "Left-Grasper",
      "polygon": {
        "path": [
          {
            "x": 83.21,
            "y": 242.81
          },
          {
            "x": 101.53,
            "y": 305.03
          },
          {
            "x": 110.06,
            "y": 303.76
          },
          {
            "x": 128.69,
            "y": 295.87
          },
          {
            "x": 147.32,
            "y": 285.45
          },
          {
            "x": 155.22,
            "y": 280.39
          },
          {
            "x": 160.27,
            "y": 275.34
          },
          {
            "x": 165.96,
            "y": 265.23
          },
          {
            "x": 165.96,
            "y": 254.81
          },
          {
            "x": 165.33,
            "y": 245.97
          },
          {
            "x": 178.68,
            "y": 222.82
          },
          {
            "x": 178.91,
            "y": 219.44
          },
          {
            "x": 177.33,
            "y": 217.41
          },
          {
            "x": 175.07,
            "y": 217.41
          },
          {
            "x": 173.27,
            "y": 218.76
          },
          {
            "x": 162.66,
            "y": 229.59
          },
          {
            "x": 161.99,
            "y": 229.14
          },
          {
            "x": 163.34,
            "y": 225.76
          },
          {
            "x": 169.43,
            "y": 215.15
          },
          {
            "x": 170.11,
            "y": 211.55
          },
          {
            "x": 168.98,
            "y": 210.42
          },
          {
            "x": 166.95,
            "y": 209.52
          },
          {
            "x": 162.89,
            "y": 209.29
          },
          {
            "x": 160.18,
            "y": 210.42
          },
          {
            "x": 156.12,
            "y": 213.8
          },
          {
            "x": 142.59,
            "y": 232.52
          },
          {
            "x": 133.56,
            "y": 231.4
          },
          {
            "x": 117.1,
            "y": 228.46
          },
          {
            "x": 106.04,
            "y": 228.46
          },
          {
            "x": 97.47,
            "y": 231.85
          },
          {
            "x": 87.77,
            "y": 237.04
          }
        ]
      }
    },
    {
      "keypoint": {
        "x": 166.64,
        "y": 255.35
      },
      "name": "Needle Tip"
    },
    {
      "keypoint": {
        "x": 269.95,
        "y": 261.95
      },
      "name": "Needle End"
    }
  ]
}