{
  "dataset": "Surgery Tools Needle",
  "image": {
    "width": 640,
    "height": 480,
    "original_filename": "Suturing_D002_1383_1489_frame_0006.jpeg",
    "filename": "Suturing_D002_1383_1489_frame_0006.jpeg",
    "url": "https://darwin.v7labs.com/api/images/71522917/original",
    "thumbnail_url": "https://darwin.v7labs.com/api/images/71522917/thumbnail",
    "path": "/",
    "workview_url": "https://darwin.v7labs.com/workview?dataset=161769&image=17"
  },
  "annotations": [
    {
      "name": "Left-Grasper",
      "polygon": {
        "path": [
          {
            "x": 8.41,
            "y": 156.8
          },
          {
            "x": 6.75,
            "y": 246.19
          },
          {
            "x": 22.39,
            "y": 248.52
          },
          {
            "x": 34.62,
            "y": 246.77
          },
          {
            "x": 55.59,
            "y": 242.84
          },
          {
            "x": 67.13,
            "y": 235.66
          },
          {
            "x": 81.35,
            "y": 226.24
          },
          {
            "x": 90.59,
            "y": 221.62
          },
          {
            "x": 101.13,
            "y": 215.39
          },
          {
            "x": 106.69,
            "y": 207.9
          },
          {
            "x": 108.87,
            "y": 195.23
          },
          {
            "x": 109.74,
            "y": 186.06
          },
          {
            "x": 113.24,
            "y": 179.95
          },
          {
            "x": 136.39,
            "y": 139.76
          },
          {
            "x": 136.32,
            "y": 136.64
          },
          {
            "x": 134.45,
            "y": 132.59
          },
          {
            "x": 130.71,
            "y": 132.59
          },
          {
            "x": 126.34,
            "y": 133.84
          },
          {
            "x": 116.67,
            "y": 149.12
          },
          {
            "x": 115.11,
            "y": 149.12
          },
          {
            "x": 114.49,
            "y": 147.25
          },
          {
            "x": 117.92,
            "y": 139.14
          },
          {
            "x": 123.84,
            "y": 131.34
          },
          {
            "x": 124.78,
            "y": 128.53
          },
          {
            "x": 123.84,
            "y": 127.28
          },
          {
            "x": 120.1,
            "y": 126.35
          },
          {
            "x": 114.8,
            "y": 126.35
          },
          {
            "x": 111.37,
            "y": 127.91
          },
          {
            "x": 104.81,
            "y": 131.96
          },
          {
            "x": 90.46,
            "y": 150.99
          },
          {
            "x": 82.35,
            "y": 156.92
          },
          {
            "x": 79.23,
            "y": 160.04
          },
          {
            "x": 55.21,
            "y": 160.35
          },
          {
            "x": 34.93,
            "y": 156.61
          },
          {
            "x": 20.89,
            "y": 155.99
          }
        ]
      }
    },
    {
      "keypoint": {
        "x": 262.39,
        "y": 179.83
      },
      "name": "Needle End"
    },
    {
      "keypoint": {
        "x": 117.37,
        "y": 173.2
      },
      "name": "Needle Tip"
    },
    {
      "name": "Right-Grasper",
      "polygon": {
        "path": [
          {
            "x": 400.08,
            "y": 208.74
          },
          {
            "x": 398.74,
            "y": 226.56
          },
          {
            "x": 394.28,
            "y": 237.71
          },
          {
            "x": 394.28,
            "y": 247.51
          },
          {
            "x": 395.18,
            "y": 252.86
          },
          {
            "x": 400.52,
            "y": 262.66
          },
          {
            "x": 411.22,
            "y": 272.47
          },
          {
            "x": 419.24,
            "y": 276.92
          },
          {
            "x": 424.14,
            "y": 279.15
          },
          {
            "x": 430.83,
            "y": 283.16
          },
          {
            "x": 453.56,
            "y": 248.85
          },
          {
            "x": 455.79,
            "y": 243.05
          },
          {
            "x": 451.33,
            "y": 235.03
          },
          {
            "x": 435.29,
            "y": 226.56
          },
          {
            "x": 419.69,
            "y": 223.44
          },
          {
            "x": 416.12,
            "y": 223.44
          },
          {
            "x": 414.79,
            "y": 212.3
          },
          {
            "x": 413.45,
            "y": 208.16
          },
          {
            "x": 410.26,
            "y": 207.21
          },
          {
            "x": 403.58,
            "y": 206.89
          }
        ]
      }
    }
  ]
}