{
  "dataset": "Surgery Tools Needle",
  "image": {
    "width": 640,
    "height": 480,
    "original_filename": "Suturing_D001_636_853_frame_0000.jpeg",
    "filename": "Suturing_D001_636_853_frame_0000.jpeg",
    "url": "https://darwin.v7labs.com/api/images/71522925/original",
    "thumbnail_url": "https://darwin.v7labs.com/api/images/71522925/thumbnail",
    "path": "/",
    "workview_url": "https://darwin.v7labs.com/workview?dataset=161769&image=25"
  },
  "annotations": [
    {
      "name": "Left-Grasper",
      "polygon": {
        "path": [
          {
            "x": 62.05,
            "y": 251.31
          },
          {
            "x": 68.36,
            "y": 299.81
          },
          {
            "x": 70.59,
            "y": 302.04
          },
          {
            "x": 76.53,
            "y": 303.15
          },
          {
            "x": 86.93,
            "y": 302.41
          },
          {
            "x": 98.37,
            "y": 296.17
          },
          {
            "x": 107.51,
            "y": 289.04
          },
          {
            "x": 110.33,
            "y": 282.65
          },
          {
            "x": 112.19,
            "y": 275.67
          },
          {
            "x": 115.16,
            "y": 271.21
          },
          {
            "x": 124.44,
            "y": 260.07
          },
          {
            "x": 128.53,
            "y": 255.24
          },
          {
            "x": 129.64,
            "y": 250.79
          },
          {
            "x": 127.04,
            "y": 247.07
          },
          {
            "x": 121.47,
            "y": 245.96
          },
          {
            "x": 123.97,
            "y": 242.51
          },
          {
            "x": 124.5,
            "y": 239.06
          },
          {
            "x": 123.7,
            "y": 237.21
          },
          {
            "x": 121.84,
            "y": 235.61
          },
          {
            "x": 119.73,
            "y": 235.15
          },
          {
            "x": 116.75,
            "y": 235.15
          },
          {
            "x": 112.96,
            "y": 236.91
          },
          {
            "x": 102.41,
            "y": 244.89
          },
          {
            "x": 98.75,
            "y": 247.33
          },
          {
            "x": 96.32,
            "y": 248.14
          },
          {
            "x": 93.34,
            "y": 246.79
          },
          {
            "x": 89.96,
            "y": 245.57
          },
          {
            "x": 84.68,
            "y": 244.76
          },
          {
            "x": 78.18,
            "y": 245.3
          },
          {
            "x": 72.63,
            "y": 246.38
          },
          {
            "x": 63.56,
            "y": 249.09
          }
        ]
      }
    },
    {
      "keypoint": {
        "x": 200.3,
        "y": 291.28
      },
      "name": "Needle End"
    },
    {
      "keypoint": {
        "x": 125.17,
        "y": 259.69
      },
      "name": "Needle Tip"
    },
    {
      "name": "Right-Grasper",
      "polygon": {
        "path": [
          {
            "x": 265.19,
            "y": 364.46
          },
          {
            "x": 265.21,
            "y": 367.16
          },
          {
            "x": 265.7,
            "y": 369.43
          },
          {
            "x": 279.02,
            "y": 387.62
          },
          {
            "x": 279.18,
            "y": 394.44
          },
          {
            "x": 280.32,
            "y": 400.94
          },
          {
            "x": 282.1,
            "y": 406.46
          },
          {
            "x": 286.33,
            "y": 415.07
          },
          {
            "x": 293.8,
            "y": 425.47
          },
          {
            "x": 301.43,
            "y": 430.01
          },
          {
            "x": 306.63,
            "y": 433.1
          },
          {
            "x": 311.18,
            "y": 432.13
          },
          {
            "x": 339.44,
            "y": 395.91
          },
          {
            "x": 338.3,
            "y": 392.17
          },
          {
            "x": 336.19,
            "y": 387.78
          },
          {
            "x": 330.5,
            "y": 383.56
          },
          {
            "x": 320.27,
            "y": 378.04
          },
          {
            "x": 312.8,
            "y": 374.14
          },
          {
            "x": 306.3,
            "y": 373.0
          },
          {
            "x": 301.76,
            "y": 373.0
          },
          {
            "x": 298.51,
            "y": 371.38
          },
          {
            "x": 285.68,
            "y": 356.6
          },
          {
            "x": 283.24,
            "y": 355.63
          },
          {
            "x": 279.5,
            "y": 356.11
          },
          {
            "x": 277.88,
            "y": 358.06
          },
          {
            "x": 277.56,
            "y": 361.15
          },
          {
            "x": 278.69,
            "y": 365.53
          },
          {
            "x": 281.13,
            "y": 369.43
          },
          {
            "x": 285.03,
            "y": 373.98
          },
          {
            "x": 285.84,
            "y": 375.44
          },
          {
            "x": 285.19,
            "y": 376.25
          },
          {
            "x": 283.56,
            "y": 375.93
          },
          {
            "x": 279.5,
            "y": 374.14
          },
          {
            "x": 272.52,
            "y": 365.05
          },
          {
            "x": 269.5,
            "y": 362.95
          },
          {
            "x": 267.96,
            "y": 362.62
          },
          {
            "x": 266.44,
            "y": 362.86
          }
        ]
      }
    }
  ]
}