{
  "dataset": "Surgery Tools Needle",
  "image": {
    "width": 640,
    "height": 480,
    "original_filename": "Suturing_D001_636_853_frame_0001.jpeg",
    "filename": "Suturing_D001_636_853_frame_0001.jpeg",
    "url": "https://darwin.v7labs.com/api/images/71522926/original",
    "thumbnail_url": "https://darwin.v7labs.com/api/images/71522926/thumbnail",
    "path": "/",
    "workview_url": "https://darwin.v7labs.com/workview?dataset=161769&image=26"
  },
  "annotations": [
    {
      "name": "Right-Grasper",
      "polygon": {
        "path": [
          {
            "x": 263.4,
            "y": 352.31
          },
          {
            "x": 268.08,
            "y": 363.45
          },
          {
            "x": 270.09,
            "y": 367.9
          },
          {
            "x": 270.53,
            "y": 371.47
          },
          {
            "x": 269.64,
            "y": 376.37
          },
          {
            "x": 269.64,
            "y": 380.83
          },
          {
            "x": 269.19,
            "y": 385.73
          },
          {
            "x": 270.53,
            "y": 391.75
          },
          {
            "x": 274.32,
            "y": 397.99
          },
          {
            "x": 279.0,
            "y": 405.79
          },
          {
            "x": 285.24,
            "y": 411.58
          },
          {
            "x": 291.25,
            "y": 414.03
          },
          {
            "x": 320.89,
            "y": 382.39
          },
          {
            "x": 320.22,
            "y": 377.71
          },
          {
            "x": 317.55,
            "y": 372.58
          },
          {
            "x": 311.98,
            "y": 368.35
          },
          {
            "x": 300.39,
            "y": 364.78
          },
          {
            "x": 291.25,
            "y": 363.67
          },
          {
            "x": 289.03,
            "y": 363.22
          },
          {
            "x": 284.35,
            "y": 361.0
          },
          {
            "x": 276.55,
            "y": 353.2
          },
          {
            "x": 273.21,
            "y": 349.63
          },
          {
            "x": 270.75,
            "y": 348.07
          },
          {
            "x": 266.97,
            "y": 347.4
          },
          {
            "x": 264.42,
            "y": 348.18
          },
          {
            "x": 263.1,
            "y": 350.75
          }
        ]
      }
    },
    {
      "name": "Left-Grasper",
      "polygon": {
        "path": [
          {
            "x": 58.77,
            "y": 247.28
          },
          {
            "x": 65.8,
            "y": 296.51
          },
          {
            "x": 74.76,
            "y": 297.79
          },
          {
            "x": 87.86,
            "y": 296.51
          },
          {
            "x": 99.37,
            "y": 292.04
          },
          {
            "x": 108.17,
            "y": 280.86
          },
          {
            "x": 111.84,
            "y": 273.81
          },
          {
            "x": 115.36,
            "y": 266.14
          },
          {
            "x": 122.71,
            "y": 260.07
          },
          {
            "x": 130.7,
            "y": 252.39
          },
          {
            "x": 131.65,
            "y": 249.12
          },
          {
            "x": 130.7,
            "y": 246.32
          },
          {
            "x": 128.84,
            "y": 244.29
          },
          {
            "x": 126.86,
            "y": 243.13
          },
          {
            "x": 125.18,
            "y": 242.95
          },
          {
            "x": 123.03,
            "y": 243.44
          },
          {
            "x": 124.95,
            "y": 238.33
          },
          {
            "x": 124.95,
            "y": 235.13
          },
          {
            "x": 123.99,
            "y": 232.25
          },
          {
            "x": 122.39,
            "y": 231.29
          },
          {
            "x": 119.51,
            "y": 230.33
          },
          {
            "x": 113.76,
            "y": 231.29
          },
          {
            "x": 96.18,
            "y": 246.0
          },
          {
            "x": 91.38,
            "y": 242.8
          },
          {
            "x": 85.31,
            "y": 241.84
          },
          {
            "x": 76.67,
            "y": 242.16
          },
          {
            "x": 69.64,
            "y": 243.12
          },
          {
            "x": 65.8,
            "y": 245.04
          }
        ]
      }
    },
    {
      "keypoint": {
        "x": 123.99,
        "y": 259.43
      },
      "name": "Needle Tip"
    },
    {
      "keypoint": {
        "x": 199.44,
        "y": 284.36
      },
      "name": "Needle End"
    }
  ]
}