{
  "dataset": "Surgery Tools Needle",
  "image": {
    "width": 640,
    "height": 480,
    "original_filename": "Suturing_D003_485_589_frame_0004.jpeg",
    "filename": "Suturing_D003_485_589_frame_0004.jpeg",
    "url": "https://darwin.v7labs.com/api/images/71522922/original",
    "thumbnail_url": "https://darwin.v7labs.com/api/images/71522922/thumbnail",
    "path": "/",
    "workview_url": "https://darwin.v7labs.com/workview?dataset=161769&image=22"
  },
  "annotations": [
    {
      "name": "Right-Grasper",
      "polygon": {
        "path": [
          {
            "x": 603.58,
            "y": 204.53
          },
          {
            "x": 606.39,
            "y": 222.62
          },
          {
            "x": 606.7,
            "y": 228.24
          },
          {
            "x": 602.33,
            "y": 233.23
          },
          {
            "x": 600.46,
            "y": 238.22
          },
          {
            "x": 601.09,
            "y": 244.15
          },
          {
            "x": 600.77,
            "y": 252.88
          },
          {
            "x": 602.96,
            "y": 261.0
          },
          {
            "x": 606.7,
            "y": 269.42
          },
          {
            "x": 611.38,
            "y": 274.41
          },
          {
            "x": 620.74,
            "y": 278.47
          },
          {
            "x": 629.48,
            "y": 279.4
          },
          {
            "x": 640.08,
            "y": 281.27
          },
          {
            "x": 640.08,
            "y": 225.74
          },
          {
            "x": 631.66,
            "y": 223.25
          },
          {
            "x": 627.92,
            "y": 222.94
          },
          {
            "x": 626.36,
            "y": 222.94
          },
          {
            "x": 622.3,
            "y": 211.08
          },
          {
            "x": 620.43,
            "y": 205.78
          },
          {
            "x": 618.56,
            "y": 203.59
          },
          {
            "x": 614.81,
            "y": 201.72
          },
          {
            "x": 611.07,
            "y": 201.41
          },
          {
            "x": 606.08,
            "y": 202.34
          }
        ]
      }
    },
    {
      "name": "Left-Grasper",
      "polygon": {
        "path": [
          {
            "x": 25.48,
            "y": 328.52
          },
          {
            "x": 43.59,
            "y": 401.64
          },
          {
            "x": 52.75,
            "y": 398.83
          },
          {
            "x": 62.65,
            "y": 393.94
          },
          {
            "x": 80.02,
            "y": 384.29
          },
          {
            "x": 92.4,
            "y": 378.1
          },
          {
            "x": 95.49,
            "y": 372.79
          },
          {
            "x": 98.15,
            "y": 369.25
          },
          {
            "x": 102.57,
            "y": 367.04
          },
          {
            "x": 127.14,
            "y": 351.63
          },
          {
            "x": 129.03,
            "y": 348.79
          },
          {
            "x": 129.03,
            "y": 345.0
          },
          {
            "x": 128.4,
            "y": 341.53
          },
          {
            "x": 127.14,
            "y": 339.0
          },
          {
            "x": 125.24,
            "y": 338.37
          },
          {
            "x": 115.54,
            "y": 340.96
          },
          {
            "x": 123.98,
            "y": 334.58
          },
          {
            "x": 121.77,
            "y": 331.74
          },
          {
            "x": 119.87,
            "y": 330.16
          },
          {
            "x": 117.35,
            "y": 329.84
          },
          {
            "x": 111.35,
            "y": 330.79
          },
          {
            "x": 88.29,
            "y": 341.53
          },
          {
            "x": 81.98,
            "y": 341.21
          },
          {
            "x": 75.35,
            "y": 339.0
          },
          {
            "x": 62.38,
            "y": 331.52
          },
          {
            "x": 46.31,
            "y": 327.13
          },
          {
            "x": 35.11,
            "y": 326.69
          }
        ]
      }
    },
    {
      "keypoint": {
        "x": 115.4,
        "y": 360.16
      },
      "name": "Needle Tip"
    },
    {
      "keypoint": {
        "x": 230.35,
        "y": 378.16
      },
      "name": "Needle End"
    }
  ]
}