{
  "dataset": "Surgery Tools Needle",
  "image": {
    "width": 640,
    "height": 480,
    "original_filename": "Suturing_D001_636_853_frame_0007.jpeg",
    "filename": "Suturing_D001_636_853_frame_0007.jpeg",
    "url": "https://darwin.v7labs.com/api/images/71522932/original",
    "thumbnail_url": "https://darwin.v7labs.com/api/images/71522932/thumbnail",
    "path": "/",
    "workview_url": "https://darwin.v7labs.com/workview?dataset=161769&image=32"
  },
  "annotations": [
    {
      "name": "Right-Grasper",
      "polygon": {
        "path": [
          {
            "x": 516.37,
            "y": 274.7
          },
          {
            "x": 513.56,
            "y": 294.98
          },
          {
            "x": 507.32,
            "y": 304.33
          },
          {
            "x": 504.82,
            "y": 308.7
          },
          {
            "x": 503.26,
            "y": 314.63
          },
          {
            "x": 503.89,
            "y": 323.99
          },
          {
            "x": 509.5,
            "y": 333.97
          },
          {
            "x": 519.8,
            "y": 344.58
          },
          {
            "x": 534.46,
            "y": 350.82
          },
          {
            "x": 548.5,
            "y": 353.31
          },
          {
            "x": 572.52,
            "y": 304.96
          },
          {
            "x": 565.35,
            "y": 302.77
          },
          {
            "x": 557.55,
            "y": 298.41
          },
          {
            "x": 549.12,
            "y": 293.73
          },
          {
            "x": 538.83,
            "y": 293.1
          },
          {
            "x": 536.65,
            "y": 292.48
          },
          {
            "x": 536.96,
            "y": 278.13
          },
          {
            "x": 535.71,
            "y": 274.39
          },
          {
            "x": 533.84,
            "y": 272.2
          },
          {
            "x": 530.72,
            "y": 271.27
          },
          {
            "x": 526.66,
            "y": 271.27
          },
          {
            "x": 521.98,
            "y": 271.27
          },
          {
            "x": 518.24,
            "y": 272.51
          }
        ]
      }
    },
    {
      "name": "Left-Grasper",
      "polygon": {
        "path": [
          {
            "x": 79.79,
            "y": 261.6
          },
          {
            "x": 89.96,
            "y": 313.77
          },
          {
            "x": 96.15,
            "y": 314.65
          },
          {
            "x": 108.08,
            "y": 313.77
          },
          {
            "x": 121.79,
            "y": 307.58
          },
          {
            "x": 130.19,
            "y": 299.62
          },
          {
            "x": 133.73,
            "y": 293.87
          },
          {
            "x": 142.13,
            "y": 280.17
          },
          {
            "x": 163.79,
            "y": 258.06
          },
          {
            "x": 164.68,
            "y": 254.5
          },
          {
            "x": 163.55,
            "y": 252.47
          },
          {
            "x": 161.29,
            "y": 251.57
          },
          {
            "x": 158.14,
            "y": 252.02
          },
          {
            "x": 154.53,
            "y": 254.5
          },
          {
            "x": 152.72,
            "y": 254.5
          },
          {
            "x": 153.4,
            "y": 253.15
          },
          {
            "x": 157.91,
            "y": 249.77
          },
          {
            "x": 159.26,
            "y": 248.64
          },
          {
            "x": 159.26,
            "y": 246.61
          },
          {
            "x": 159.26,
            "y": 244.13
          },
          {
            "x": 157.46,
            "y": 241.65
          },
          {
            "x": 155.65,
            "y": 240.74
          },
          {
            "x": 153.17,
            "y": 240.74
          },
          {
            "x": 150.01,
            "y": 240.97
          },
          {
            "x": 147.08,
            "y": 243.0
          },
          {
            "x": 127.01,
            "y": 257.21
          },
          {
            "x": 124.52,
            "y": 257.44
          },
          {
            "x": 121.37,
            "y": 255.63
          },
          {
            "x": 114.82,
            "y": 255.18
          },
          {
            "x": 103.32,
            "y": 255.18
          },
          {
            "x": 96.33,
            "y": 255.18
          },
          {
            "x": 90.24,
            "y": 256.53
          },
          {
            "x": 82.79,
            "y": 259.47
          }
        ]
      }
    },
    {
      "keypoint": {
        "x": 160.62,
        "y": 262.17
      },
      "name": "Needle Tip"
    },
    {
      "keypoint": {
        "x": 248.59,
        "y": 286.54
      },
      "name": "Needle End"
    }
  ]
}