{
  "dataset": "Surgery Tools Needle",
  "image": {
    "width": 640,
    "height": 480,
    "original_filename": "Suturing_D002_428_522_frame_0006.jpeg",
    "filename": "Suturing_D002_428_522_frame_0006.jpeg",
    "url": "https://darwin.v7labs.com/api/images/71522916/original",
    "thumbnail_url": "https://darwin.v7labs.com/api/images/71522916/thumbnail",
    "path": "/",
    "workview_url": "https://darwin.v7labs.com/workview?dataset=161769&image=16"
  },
  "annotations": [
    {
      "name": "Left-Grasper",
      "polygon": {
        "path": [
          {
            "x": 43.01,
            "y": 262.32
          },
          {
            "x": 58.29,
            "y": 346.09
          },
          {
            "x": 66.24,
            "y": 347.31
          },
          {
            "x": 84.59,
            "y": 345.48
          },
          {
            "x": 104.15,
            "y": 336.92
          },
          {
            "x": 120.66,
            "y": 325.91
          },
          {
            "x": 132.28,
            "y": 318.57
          },
          {
            "x": 139.01,
            "y": 312.46
          },
          {
            "x": 143.29,
            "y": 305.73
          },
          {
            "x": 146.34,
            "y": 298.39
          },
          {
            "x": 148.18,
            "y": 289.22
          },
          {
            "x": 153.07,
            "y": 284.33
          },
          {
            "x": 162.33,
            "y": 271.73
          },
          {
            "x": 178.55,
            "y": 253.63
          },
          {
            "x": 180.42,
            "y": 248.33
          },
          {
            "x": 178.86,
            "y": 244.59
          },
          {
            "x": 176.68,
            "y": 243.34
          },
          {
            "x": 174.71,
            "y": 243.17
          },
          {
            "x": 172.21,
            "y": 243.68
          },
          {
            "x": 165.12,
            "y": 250.16
          },
          {
            "x": 162.26,
            "y": 253.42
          },
          {
            "x": 161.39,
            "y": 252.39
          },
          {
            "x": 162.85,
            "y": 249.01
          },
          {
            "x": 170.44,
            "y": 241.47
          },
          {
            "x": 170.25,
            "y": 238.67
          },
          {
            "x": 168.88,
            "y": 236.79
          },
          {
            "x": 163.8,
            "y": 236.01
          },
          {
            "x": 160.15,
            "y": 237.37
          },
          {
            "x": 136.12,
            "y": 253.01
          },
          {
            "x": 129.57,
            "y": 254.57
          },
          {
            "x": 124.27,
            "y": 257.69
          },
          {
            "x": 105.55,
            "y": 253.63
          },
          {
            "x": 85.9,
            "y": 252.39
          },
          {
            "x": 78.72,
            "y": 250.2
          },
          {
            "x": 69.99,
            "y": 249.27
          },
          {
            "x": 61.56,
            "y": 251.45
          },
          {
            "x": 54.7,
            "y": 256.44
          }
        ]
      }
    },
    {
      "keypoint": {
        "x": 163.64,
        "y": 271.18
      },
      "name": "Needle Tip"
    },
    {
      "keypoint": {
        "x": 305.36,
        "y": 289.96
      },
      "name": "Needle End"
    }
  ]
}