{
  "dataset": "Surgery Tools Needle",
  "image": {
    "width": 640,
    "height": 480,
    "original_filename": "Suturing_D003_485_589_frame_0005.jpeg",
    "filename": "Suturing_D003_485_589_frame_0005.jpeg",
    "url": "https://darwin.v7labs.com/api/images/71522923/original",
    "thumbnail_url": "https://darwin.v7labs.com/api/images/71522923/thumbnail",
    "path": "/",
    "workview_url": "https://darwin.v7labs.com/workview?dataset=161769&image=23"
  },
  "annotations": [
    {
      "keypoint": {
        "x": 256.41,
        "y": 372.38
      },
      "name": "Needle End"
    },
    {
      "keypoint": {
        "x": 146.78,
        "y": 354.04
      },
      "name": "Needle Tip"
    },
    {
      "name": "Left-Grasper",
      "polygon": {
        "path": [
          {
            "x": 54.0,
            "y": 326.59
          },
          {
            "x": 61.69,
            "y": 397.0
          },
          {
            "x": 73.2,
            "y": 396.63
          },
          {
            "x": 85.09,
            "y": 393.28
          },
          {
            "x": 99.94,
            "y": 383.63
          },
          {
            "x": 117.03,
            "y": 373.97
          },
          {
            "x": 129.28,
            "y": 367.29
          },
          {
            "x": 133.74,
            "y": 362.46
          },
          {
            "x": 135.23,
            "y": 355.77
          },
          {
            "x": 138.57,
            "y": 351.69
          },
          {
            "x": 142.65,
            "y": 349.09
          },
          {
            "x": 159.37,
            "y": 340.17
          },
          {
            "x": 160.85,
            "y": 338.69
          },
          {
            "x": 160.85,
            "y": 334.6
          },
          {
            "x": 158.6,
            "y": 331.62
          },
          {
            "x": 154.24,
            "y": 332.19
          },
          {
            "x": 146.72,
            "y": 334.97
          },
          {
            "x": 152.92,
            "y": 329.91
          },
          {
            "x": 153.3,
            "y": 328.21
          },
          {
            "x": 153.11,
            "y": 326.69
          },
          {
            "x": 151.4,
            "y": 324.04
          },
          {
            "x": 148.94,
            "y": 322.9
          },
          {
            "x": 144.96,
            "y": 323.09
          },
          {
            "x": 122.6,
            "y": 332.0
          },
          {
            "x": 118.24,
            "y": 332.38
          },
          {
            "x": 112.93,
            "y": 332.0
          },
          {
            "x": 100.43,
            "y": 325.93
          },
          {
            "x": 89.63,
            "y": 323.09
          },
          {
            "x": 79.21,
            "y": 320.44
          },
          {
            "x": 68.72,
            "y": 321.93
          },
          {
            "x": 64.58,
            "y": 322.98
          },
          {
            "x": 59.4,
            "y": 324.16
          },
          {
            "x": 55.13,
            "y": 325.08
          }
        ]
      }
    }
  ]
}