{
  "dataset": "Surgery Tools Needle",
  "image": {
    "width": 640,
    "height": 480,
    "original_filename": "Suturing_D003_485_589_frame_0000.jpeg",
    "filename": "Suturing_D003_485_589_frame_0000.jpeg",
    "url": "https://darwin.v7labs.com/api/images/71522918/original",
    "thumbnail_url": "https://darwin.v7labs.com/api/images/71522918/thumbnail",
    "path": "/",
    "workview_url": "https://darwin.v7labs.com/workview?dataset=161769&image=18"
  },
  "annotations": [
    {
      "name": "Right-Grasper",
      "polygon": {
        "path": [
          {
            "x": 260.68,
            "y": 463.48
          },
          {
            "x": 249.76,
            "y": 455.05
          },
          {
            "x": 238.53,
            "y": 444.76
          },
          {
            "x": 232.91,
            "y": 434.15
          },
          {
            "x": 232.29,
            "y": 424.48
          },
          {
            "x": 232.91,
            "y": 415.43
          },
          {
            "x": 238.53,
            "y": 409.51
          },
          {
            "x": 241.33,
            "y": 402.96
          },
          {
            "x": 242.27,
            "y": 397.03
          },
          {
            "x": 243.83,
            "y": 387.98
          },
          {
            "x": 248.51,
            "y": 386.42
          },
          {
            "x": 256.62,
            "y": 386.42
          },
          {
            "x": 259.74,
            "y": 387.04
          },
          {
            "x": 261.3,
            "y": 390.48
          },
          {
            "x": 261.61,
            "y": 401.71
          },
          {
            "x": 263.13,
            "y": 406.35
          },
          {
            "x": 269.56,
            "y": 408.22
          },
          {
            "x": 274.7,
            "y": 409.86
          },
          {
            "x": 283.9,
            "y": 415.99
          },
          {
            "x": 289.35,
            "y": 419.07
          },
          {
            "x": 294.69,
            "y": 423.36
          },
          {
            "x": 296.23,
            "y": 424.87
          },
          {
            "x": 297.8,
            "y": 426.98
          },
          {
            "x": 300.07,
            "y": 428.97
          }
        ]
      }
    },
    {
      "name": "Left-Grasper",
      "polygon": {
        "path": [
          {
            "x": 35.7,
            "y": 255.36
          },
          {
            "x": 57.27,
            "y": 332.2
          },
          {
            "x": 74.12,
            "y": 326.58
          },
          {
            "x": 91.59,
            "y": 317.22
          },
          {
            "x": 100.95,
            "y": 310.36
          },
          {
            "x": 106.57,
            "y": 304.12
          },
          {
            "x": 109.69,
            "y": 296.63
          },
          {
            "x": 116.55,
            "y": 289.77
          },
          {
            "x": 124.66,
            "y": 286.65
          },
          {
            "x": 132.24,
            "y": 282.91
          },
          {
            "x": 136.44,
            "y": 280.57
          },
          {
            "x": 137.9,
            "y": 278.78
          },
          {
            "x": 138.72,
            "y": 276.77
          },
          {
            "x": 138.31,
            "y": 274.77
          },
          {
            "x": 136.2,
            "y": 272.77
          },
          {
            "x": 132.45,
            "y": 270.18
          },
          {
            "x": 127.83,
            "y": 268.28
          },
          {
            "x": 125.3,
            "y": 266.5
          },
          {
            "x": 119.91,
            "y": 266.31
          },
          {
            "x": 112.85,
            "y": 266.64
          },
          {
            "x": 100.15,
            "y": 267.75
          },
          {
            "x": 84.77,
            "y": 261.74
          },
          {
            "x": 73.41,
            "y": 257.5
          },
          {
            "x": 60.04,
            "y": 256.17
          },
          {
            "x": 46.89,
            "y": 254.83
          }
        ]
      }
    },
    {
      "keypoint": {
        "x": 106.18,
        "y": 304.75
      },
      "name": "Needle Tip"
    },
    {
      "keypoint": {
        "x": 192.06,
        "y": 356.83
      },
      "name": "Needle End"
    }
  ]
}