{
  "dataset": "Surgery Tools Needle",
  "image": {
    "width": 640,
    "height": 480,
    "original_filename": "Suturing_D001_2115_2164_frame_0001.jpeg",
    "filename": "Suturing_D001_2115_2164_frame_0001.jpeg",
    "url": "https://darwin.v7labs.com/api/images/71522938/original",
    "thumbnail_url": "https://darwin.v7labs.com/api/images/71522938/thumbnail",
    "path": "/",
    "workview_url": "https://darwin.v7labs.com/workview?dataset=161769&image=38"
  },
  "annotations": [
    {
      "name": "Right-Grasper",
      "polygon": {
        "path": [
          {
            "x": 270.52,
            "y": 241.49
          },
          {
            "x": 274.89,
            "y": 269.57
          },
          {
            "x": 272.71,
            "y": 274.56
          },
          {
            "x": 271.15,
            "y": 280.18
          },
          {
            "x": 272.08,
            "y": 290.16
          },
          {
            "x": 275.82,
            "y": 302.64
          },
          {
            "x": 282.38,
            "y": 311.06
          },
          {
            "x": 286.12,
            "y": 316.99
          },
          {
            "x": 287.37,
            "y": 318.24
          },
          {
            "x": 325.12,
            "y": 292.03
          },
          {
            "x": 313.57,
            "y": 273.62
          },
          {
            "x": 301.41,
            "y": 264.58
          },
          {
            "x": 292.67,
            "y": 259.27
          },
          {
            "x": 289.86,
            "y": 257.71
          },
          {
            "x": 283.0,
            "y": 242.12
          },
          {
            "x": 279.26,
            "y": 239.93
          },
          {
            "x": 274.58,
            "y": 239.31
          }
        ]
      }
    },
    {
      "name": "Left-Grasper",
      "polygon": {
        "path": [
          {
            "x": 120.42,
            "y": 145.58
          },
          {
            "x": 135.8,
            "y": 195.33
          },
          {
            "x": 148.95,
            "y": 191.49
          },
          {
            "x": 173.95,
            "y": 178.65
          },
          {
            "x": 182.82,
            "y": 170.54
          },
          {
            "x": 185.05,
            "y": 159.84
          },
          {
            "x": 185.49,
            "y": 155.39
          },
          {
            "x": 204.59,
            "y": 138.39
          },
          {
            "x": 205.24,
            "y": 136.11
          },
          {
            "x": 204.92,
            "y": 134.16
          },
          {
            "x": 203.78,
            "y": 133.19
          },
          {
            "x": 201.51,
            "y": 133.19
          },
          {
            "x": 196.8,
            "y": 134.81
          },
          {
            "x": 192.9,
            "y": 136.6
          },
          {
            "x": 191.76,
            "y": 136.28
          },
          {
            "x": 191.76,
            "y": 134.98
          },
          {
            "x": 195.5,
            "y": 131.89
          },
          {
            "x": 197.77,
            "y": 129.45
          },
          {
            "x": 196.8,
            "y": 127.34
          },
          {
            "x": 195.66,
            "y": 126.21
          },
          {
            "x": 193.55,
            "y": 125.56
          },
          {
            "x": 190.95,
            "y": 125.72
          },
          {
            "x": 185.27,
            "y": 127.67
          },
          {
            "x": 169.84,
            "y": 140.17
          },
          {
            "x": 164.8,
            "y": 138.23
          },
          {
            "x": 159.12,
            "y": 136.76
          },
          {
            "x": 147.59,
            "y": 136.11
          },
          {
            "x": 132.81,
            "y": 136.11
          },
          {
            "x": 129.07,
            "y": 138.06
          }
        ]
      }
    },
    {
      "keypoint": {
        "x": 186.38,
        "y": 169.67
      },
      "name": "Needle Tip"
    },
    {
      "keypoint": {
        "x": 267.23,
        "y": 204.05
      },
      "name": "Needle End"
    }
  ]
}