{
  "dataset": "Surgery Tools Needle",
  "image": {
    "width": 640,
    "height": 480,
    "original_filename": "Suturing_D002_428_522_frame_0004.jpeg",
    "filename": "Suturing_D002_428_522_frame_0004.jpeg",
    "url": "https://darwin.v7labs.com/api/images/71522914/original",
    "thumbnail_url": "https://darwin.v7labs.com/api/images/71522914/thumbnail",
    "path": "/",
    "workview_url": "https://darwin.v7labs.com/workview?dataset=161769&image=14"
  },
  "annotations": [
    {
      "name": "Left-Grasper",
      "polygon": {
        "path": [
          {
            "x": -0.01,
            "y": 276.4
          },
          {
            "x": 2.39,
            "y": 275.52
          },
          {
            "x": 11.07,
            "y": 273.08
          },
          {
            "x": 19.53,
            "y": 272.16
          },
          {
            "x": 27.72,
            "y": 270.95
          },
          {
            "x": 35.4,
            "y": 270.97
          },
          {
            "x": 42.72,
            "y": 268.29
          },
          {
            "x": 52.35,
            "y": 261.37
          },
          {
            "x": 59.61,
            "y": 255.65
          },
          {
            "x": 65.15,
            "y": 253.27
          },
          {
            "x": 69.66,
            "y": 252.73
          },
          {
            "x": 72.37,
            "y": 253.63
          },
          {
            "x": 73.04,
            "y": 255.89
          },
          {
            "x": 71.46,
            "y": 258.59
          },
          {
            "x": 68.08,
            "y": 262.88
          },
          {
            "x": 64.92,
            "y": 266.04
          },
          {
            "x": 64.92,
            "y": 267.84
          },
          {
            "x": 68.08,
            "y": 268.07
          },
          {
            "x": 71.36,
            "y": 265.36
          },
          {
            "x": 76.04,
            "y": 260.83
          },
          {
            "x": 77.73,
            "y": 259.3
          },
          {
            "x": 79.85,
            "y": 258.96
          },
          {
            "x": 81.84,
            "y": 260.17
          },
          {
            "x": 82.62,
            "y": 262.1
          },
          {
            "x": 82.34,
            "y": 265.22
          },
          {
            "x": 79.13,
            "y": 270.78
          },
          {
            "x": 57.48,
            "y": 289.18
          },
          {
            "x": 53.19,
            "y": 295.82
          },
          {
            "x": 47.33,
            "y": 303.71
          },
          {
            "x": 40.33,
            "y": 309.58
          },
          {
            "x": 35.37,
            "y": 315.64
          },
          {
            "x": 30.41,
            "y": 319.46
          },
          {
            "x": 21.61,
            "y": 325.28
          },
          {
            "x": 12.6,
            "y": 327.07
          },
          {
            "x": -0.04,
            "y": 328.83
          }
        ]
      }
    },
    {
      "name": "Right-Grasper",
      "polygon": {
        "path": [
          {
            "x": 576.8,
            "y": 155.83
          },
          {
            "x": 578.62,
            "y": 161.74
          },
          {
            "x": 581.57,
            "y": 165.38
          },
          {
            "x": 586.35,
            "y": 170.15
          },
          {
            "x": 589.3,
            "y": 175.16
          },
          {
            "x": 589.99,
            "y": 179.93
          },
          {
            "x": 590.67,
            "y": 188.34
          },
          {
            "x": 592.94,
            "y": 197.44
          },
          {
            "x": 596.13,
            "y": 204.26
          },
          {
            "x": 602.49,
            "y": 208.58
          },
          {
            "x": 609.77,
            "y": 213.81
          },
          {
            "x": 623.64,
            "y": 220.18
          },
          {
            "x": 631.14,
            "y": 222.22
          },
          {
            "x": 635.24,
            "y": 222.91
          },
          {
            "x": 640.01,
            "y": 223.59
          },
          {
            "x": 640.01,
            "y": 163.56
          },
          {
            "x": 631.83,
            "y": 162.19
          },
          {
            "x": 624.78,
            "y": 162.19
          },
          {
            "x": 616.59,
            "y": 162.19
          },
          {
            "x": 609.77,
            "y": 162.19
          },
          {
            "x": 605.45,
            "y": 162.19
          },
          {
            "x": 600.45,
            "y": 160.15
          },
          {
            "x": 596.35,
            "y": 155.15
          },
          {
            "x": 591.12,
            "y": 151.05
          },
          {
            "x": 587.49,
            "y": 149.23
          },
          {
            "x": 584.98,
            "y": 149.23
          },
          {
            "x": 580.89,
            "y": 150.14
          },
          {
            "x": 577.71,
            "y": 152.42
          }
        ]
      }
    },
    {
      "keypoint": {
        "x": 65.75,
        "y": 286.29
      },
      "name": "Needle Tip"
    },
    {
      "keypoint": {
        "x": 219.6,
        "y": 293.76
      },
      "name": "Needle End"
    }
  ]
}