{
  "dataset": "Surgery Tools Needle",
  "image": {
    "width": 640,
    "height": 480,
    "original_filename": "Suturing_D001_1617_1700_frame_0003.jpeg",
    "filename": "Suturing_D001_1617_1700_frame_0003.jpeg",
    "url": "https://darwin.v7labs.com/api/images/71522907/original",
    "thumbnail_url": "https://darwin.v7labs.com/api/images/71522907/thumbnail",
    "path": "/",
    "workview_url": "https://darwin.v7labs.com/workview?dataset=161769&image=7"
  },
  "annotations": [
    {
      "name": "Left-Grasper",
      "polygon": {
        "path": [
          {
            "x": 53.48,
            "y": 280.97
          },
          {
            "x": 62.31,
            "y": 345.7
          },
          {
            "x": 71.1,
            "y": 344.56
          },
          {
            "x": 84.15,
            "y": 335.25
          },
          {
            "x": 100.86,
            "y": 323.68
          },
          {
            "x": 111.13,
            "y": 318.04
          },
          {
            "x": 117.93,
            "y": 312.49
          },
          {
            "x": 121.62,
            "y": 305.84
          },
          {
            "x": 123.05,
            "y": 297.4
          },
          {
            "x": 160.48,
            "y": 262.04
          },
          {
            "x": 161.52,
            "y": 256.84
          },
          {
            "x": 161.52,
            "y": 253.2
          },
          {
            "x": 159.96,
            "y": 250.05
          },
          {
            "x": 157.31,
            "y": 248.73
          },
          {
            "x": 154.92,
            "y": 248.73
          },
          {
            "x": 153.33,
            "y": 250.05
          },
          {
            "x": 153.33,
            "y": 245.01
          },
          {
            "x": 151.48,
            "y": 243.69
          },
          {
            "x": 148.03,
            "y": 243.42
          },
          {
            "x": 143.78,
            "y": 245.28
          },
          {
            "x": 140.07,
            "y": 248.2
          },
          {
            "x": 119.38,
            "y": 263.05
          },
          {
            "x": 112.21,
            "y": 269.15
          },
          {
            "x": 106.38,
            "y": 272.07
          },
          {
            "x": 78.52,
            "y": 272.07
          },
          {
            "x": 69.5,
            "y": 273.4
          }
        ]
      }
    },
    {
      "name": "Right-Grasper",
      "polygon": {
        "path": [
          {
            "x": 458.56,
            "y": 218.39
          },
          {
            "x": 459.94,
            "y": 228.41
          },
          {
            "x": 461.63,
            "y": 258.87
          },
          {
            "x": 456.6,
            "y": 266.01
          },
          {
            "x": 453.15,
            "y": 271.58
          },
          {
            "x": 453.15,
            "y": 280.02
          },
          {
            "x": 455.78,
            "y": 289.49
          },
          {
            "x": 459.46,
            "y": 294.76
          },
          {
            "x": 465.25,
            "y": 297.91
          },
          {
            "x": 473.67,
            "y": 302.65
          },
          {
            "x": 489.12,
            "y": 311.72
          },
          {
            "x": 496.2,
            "y": 313.76
          },
          {
            "x": 519.39,
            "y": 273.69
          },
          {
            "x": 509.47,
            "y": 264.23
          },
          {
            "x": 493.16,
            "y": 256.43
          },
          {
            "x": 483.25,
            "y": 252.95
          },
          {
            "x": 473.87,
            "y": 226.46
          },
          {
            "x": 470.81,
            "y": 217.78
          },
          {
            "x": 467.95,
            "y": 211.72
          },
          {
            "x": 463.25,
            "y": 211.11
          },
          {
            "x": 459.61,
            "y": 212.52
          }
        ]
      }
    },
    {
      "keypoint": {
        "x": 263.85,
        "y": 284.57
      },
      "name": "Needle End"
    },
    {
      "keypoint": {
        "x": 157.25,
        "y": 267.35
      },
      "name": "Needle Tip"
    }
  ]
}