{
  "dataset": "Surgery Tools Needle",
  "image": {
    "width": 640,
    "height": 480,
    "original_filename": "Suturing_D001_636_853_frame_0004.jpeg",
    "filename": "Suturing_D001_636_853_frame_0004.jpeg",
    "url": "https://darwin.v7labs.com/api/images/71522929/original",
    "thumbnail_url": "https://darwin.v7labs.com/api/images/71522929/thumbnail",
    "path": "/",
    "workview_url": "https://darwin.v7labs.com/workview?dataset=161769&image=29"
  },
  "annotations": [
    {
      "keypoint": {
        "x": 221.38,
        "y": 286.17
      },
      "name": "Needle End"
    },
    {
      "keypoint": {
        "x": 131.84,
        "y": 256.03
      },
      "name": "Needle Tip"
    },
    {
      "name": "Left-Grasper",
      "polygon": {
        "path": [
          {
            "x": 62.48,
            "y": 250.79
          },
          {
            "x": 71.32,
            "y": 302.26
          },
          {
            "x": 78.6,
            "y": 303.3
          },
          {
            "x": 93.16,
            "y": 301.22
          },
          {
            "x": 104.78,
            "y": 295.76
          },
          {
            "x": 113.89,
            "y": 286.92
          },
          {
            "x": 123.32,
            "y": 274.19
          },
          {
            "x": 127.49,
            "y": 264.76
          },
          {
            "x": 129.87,
            "y": 259.72
          },
          {
            "x": 131.2,
            "y": 256.8
          },
          {
            "x": 135.98,
            "y": 252.56
          },
          {
            "x": 138.83,
            "y": 250.04
          },
          {
            "x": 139.36,
            "y": 248.82
          },
          {
            "x": 138.77,
            "y": 246.85
          },
          {
            "x": 137.72,
            "y": 246.01
          },
          {
            "x": 136.7,
            "y": 245.73
          },
          {
            "x": 131.78,
            "y": 246.64
          },
          {
            "x": 130.67,
            "y": 245.4
          },
          {
            "x": 132.79,
            "y": 243.54
          },
          {
            "x": 135.18,
            "y": 241.68
          },
          {
            "x": 135.71,
            "y": 239.56
          },
          {
            "x": 134.65,
            "y": 236.64
          },
          {
            "x": 132.79,
            "y": 234.79
          },
          {
            "x": 129.61,
            "y": 234.52
          },
          {
            "x": 126.16,
            "y": 234.79
          },
          {
            "x": 119.53,
            "y": 239.3
          },
          {
            "x": 104.41,
            "y": 248.85
          },
          {
            "x": 99.9,
            "y": 247.25
          },
          {
            "x": 92.47,
            "y": 246.19
          },
          {
            "x": 83.71,
            "y": 245.93
          },
          {
            "x": 74.16,
            "y": 247.25
          },
          {
            "x": 65.94,
            "y": 249.64
          }
        ]
      }
    },
    {
      "name": "Right-Grasper",
      "polygon": {
        "path": [
          {
            "x": 251.8,
            "y": 365.68
          },
          {
            "x": 263.83,
            "y": 391.97
          },
          {
            "x": 262.49,
            "y": 401.77
          },
          {
            "x": 261.16,
            "y": 409.35
          },
          {
            "x": 262.05,
            "y": 415.14
          },
          {
            "x": 264.28,
            "y": 420.94
          },
          {
            "x": 271.41,
            "y": 431.19
          },
          {
            "x": 295.03,
            "y": 447.68
          },
          {
            "x": 326.67,
            "y": 411.58
          },
          {
            "x": 325.78,
            "y": 406.23
          },
          {
            "x": 320.43,
            "y": 400.88
          },
          {
            "x": 310.18,
            "y": 391.97
          },
          {
            "x": 295.03,
            "y": 387.07
          },
          {
            "x": 285.22,
            "y": 385.73
          },
          {
            "x": 282.1,
            "y": 383.5
          },
          {
            "x": 266.5,
            "y": 363.0
          },
          {
            "x": 259.82,
            "y": 359.44
          },
          {
            "x": 256.7,
            "y": 359.44
          },
          {
            "x": 252.69,
            "y": 362.11
          }
        ]
      }
    }
  ]
}