{
  "dataset": "Surgery Tools Needle",
  "image": {
    "width": 640,
    "height": 480,
    "original_filename": "Suturing_D002_1383_1489_frame_0000.jpeg",
    "filename": "Suturing_D002_1383_1489_frame_0000.jpeg",
    "url": "https://darwin.v7labs.com/api/images/71522945/original",
    "thumbnail_url": "https://darwin.v7labs.com/api/images/71522945/thumbnail",
    "path": "/",
    "workview_url": "https://darwin.v7labs.com/workview?dataset=161769&image=45"
  },
  "annotations": [
    {
      "name": "Left-Grasper",
      "polygon": {
        "path": [
          {
            "x": 42.26,
            "y": 183.88
          },
          {
            "x": 72.36,
            "y": 241.59
          },
          {
            "x": 88.07,
            "y": 235.74
          },
          {
            "x": 98.54,
            "y": 231.87
          },
          {
            "x": 107.48,
            "y": 225.71
          },
          {
            "x": 112.28,
            "y": 220.1
          },
          {
            "x": 113.89,
            "y": 214.89
          },
          {
            "x": 115.2,
            "y": 208.33
          },
          {
            "x": 118.26,
            "y": 199.16
          },
          {
            "x": 119.57,
            "y": 194.36
          },
          {
            "x": 131.7,
            "y": 179.35
          },
          {
            "x": 132.17,
            "y": 176.45
          },
          {
            "x": 130.44,
            "y": 174.45
          },
          {
            "x": 127.3,
            "y": 174.45
          },
          {
            "x": 123.01,
            "y": 178.3
          },
          {
            "x": 116.96,
            "y": 183.4
          },
          {
            "x": 115.74,
            "y": 182.5
          },
          {
            "x": 122.31,
            "y": 173.15
          },
          {
            "x": 124.32,
            "y": 169.14
          },
          {
            "x": 123.43,
            "y": 166.25
          },
          {
            "x": 120.16,
            "y": 165.16
          },
          {
            "x": 116.05,
            "y": 165.71
          },
          {
            "x": 111.52,
            "y": 168.93
          },
          {
            "x": 100.03,
            "y": 182.96
          },
          {
            "x": 97.35,
            "y": 182.74
          },
          {
            "x": 84.65,
            "y": 179.39
          },
          {
            "x": 75.29,
            "y": 177.16
          },
          {
            "x": 64.82,
            "y": 174.49
          },
          {
            "x": 57.91,
            "y": 173.82
          },
          {
            "x": 50.56,
            "y": 175.38
          },
          {
            "x": 45.43,
            "y": 179.17
          }
        ]
      }
    },
    {
      "name": "Right-Grasper",
      "polygon": {
        "path": [
          {
            "x": 267.84,
            "y": 229.83
          },
          {
            "x": 270.38,
            "y": 244.16
          },
          {
            "x": 268.16,
            "y": 248.61
          },
          {
            "x": 266.88,
            "y": 251.8
          },
          {
            "x": 265.93,
            "y": 257.21
          },
          {
            "x": 266.25,
            "y": 265.17
          },
          {
            "x": 268.16,
            "y": 273.12
          },
          {
            "x": 272.61,
            "y": 279.49
          },
          {
            "x": 283.12,
            "y": 288.09
          },
          {
            "x": 285.66,
            "y": 289.36
          },
          {
            "x": 312.72,
            "y": 257.84
          },
          {
            "x": 311.77,
            "y": 253.39
          },
          {
            "x": 308.59,
            "y": 249.57
          },
          {
            "x": 306.99,
            "y": 247.02
          },
          {
            "x": 302.54,
            "y": 242.88
          },
          {
            "x": 294.58,
            "y": 239.06
          },
          {
            "x": 287.89,
            "y": 238.11
          },
          {
            "x": 284.71,
            "y": 237.79
          },
          {
            "x": 280.57,
            "y": 229.51
          },
          {
            "x": 278.66,
            "y": 226.65
          },
          {
            "x": 275.48,
            "y": 225.06
          },
          {
            "x": 272.29,
            "y": 224.74
          },
          {
            "x": 268.42,
            "y": 227.0
          }
        ]
      }
    },
    {
      "keypoint": {
        "x": 224.1,
        "y": 235.86
      },
      "name": "Needle End"
    },
    {
      "keypoint": {
        "x": 116.82,
        "y": 209.12
      },
      "name": "Needle Tip"
    }
  ]
}