{
  "dataset": "Surgery Tools Needle",
  "image": {
    "width": 640,
    "height": 480,
    "original_filename": "Suturing_D002_1383_1489_frame_0001.jpeg",
    "filename": "Suturing_D002_1383_1489_frame_0001.jpeg",
    "url": "https://darwin.v7labs.com/api/images/71522946/original",
    "thumbnail_url": "https://darwin.v7labs.com/api/images/71522946/thumbnail",
    "path": "/",
    "workview_url": "https://darwin.v7labs.com/workview?dataset=161769&image=46"
  },
  "annotations": [
    {
      "keypoint": {
        "x": 114.54,
        "y": 240.8
      },
      "name": "Needle Tip"
    },
    {
      "keypoint": {
        "x": 220.89,
        "y": 244.23
      },
      "name": "Needle End"
    },
    {
      "name": "Right-Grasper",
      "polygon": {
        "path": [
          {
            "x": 358.8,
            "y": 208.57
          },
          {
            "x": 360.7,
            "y": 227.83
          },
          {
            "x": 359.43,
            "y": 233.83
          },
          {
            "x": 359.43,
            "y": 239.83
          },
          {
            "x": 360.07,
            "y": 247.41
          },
          {
            "x": 362.91,
            "y": 254.36
          },
          {
            "x": 368.59,
            "y": 264.78
          },
          {
            "x": 373.16,
            "y": 270.98
          },
          {
            "x": 380.91,
            "y": 279.31
          },
          {
            "x": 382.8,
            "y": 281.2
          },
          {
            "x": 408.7,
            "y": 242.04
          },
          {
            "x": 401.12,
            "y": 235.73
          },
          {
            "x": 392.91,
            "y": 228.15
          },
          {
            "x": 384.26,
            "y": 224.47
          },
          {
            "x": 378.39,
            "y": 223.3
          },
          {
            "x": 374.54,
            "y": 220.15
          },
          {
            "x": 372.01,
            "y": 213.74
          },
          {
            "x": 369.31,
            "y": 207.45
          },
          {
            "x": 366.38,
            "y": 205.41
          },
          {
            "x": 363.22,
            "y": 205.41
          },
          {
            "x": 361.96,
            "y": 205.73
          }
        ]
      }
    },
    {
      "name": "Left-Grasper",
      "polygon": {
        "path": [
          {
            "x": 28.93,
            "y": 223.46
          },
          {
            "x": 63.39,
            "y": 286.57
          },
          {
            "x": 72.74,
            "y": 282.87
          },
          {
            "x": 93.77,
            "y": 271.2
          },
          {
            "x": 105.29,
            "y": 261.44
          },
          {
            "x": 110.87,
            "y": 251.95
          },
          {
            "x": 111.73,
            "y": 244.5
          },
          {
            "x": 112.62,
            "y": 235.99
          },
          {
            "x": 117.1,
            "y": 230.62
          },
          {
            "x": 128.21,
            "y": 209.91
          },
          {
            "x": 129.13,
            "y": 206.03
          },
          {
            "x": 128.21,
            "y": 203.98
          },
          {
            "x": 126.16,
            "y": 203.75
          },
          {
            "x": 123.42,
            "y": 204.43
          },
          {
            "x": 115.43,
            "y": 212.88
          },
          {
            "x": 112.91,
            "y": 215.17
          },
          {
            "x": 112.23,
            "y": 215.39
          },
          {
            "x": 111.77,
            "y": 213.11
          },
          {
            "x": 113.37,
            "y": 209.68
          },
          {
            "x": 119.08,
            "y": 202.15
          },
          {
            "x": 119.77,
            "y": 198.72
          },
          {
            "x": 118.17,
            "y": 197.12
          },
          {
            "x": 114.51,
            "y": 195.98
          },
          {
            "x": 112.46,
            "y": 196.21
          },
          {
            "x": 108.58,
            "y": 198.5
          },
          {
            "x": 101.27,
            "y": 206.72
          },
          {
            "x": 93.05,
            "y": 217.68
          },
          {
            "x": 88.94,
            "y": 217.45
          },
          {
            "x": 71.21,
            "y": 214.89
          },
          {
            "x": 56.57,
            "y": 213.56
          },
          {
            "x": 43.73,
            "y": 213.83
          },
          {
            "x": 37.79,
            "y": 214.94
          },
          {
            "x": 27.28,
            "y": 219.73
          }
        ]
      }
    }
  ]
}