{
  "dataset": "Surgery Tools Needle",
  "image": {
    "width": 640,
    "height": 480,
    "original_filename": "Suturing_D001_1617_1700_frame_0005.jpeg",
    "filename": "Suturing_D001_1617_1700_frame_0005.jpeg",
    "url": "https://darwin.v7labs.com/api/images/71522909/original",
    "thumbnail_url": "https://darwin.v7labs.com/api/images/71522909/thumbnail",
    "path": "/",
    "workview_url": "https://darwin.v7labs.com/workview?dataset=161769&image=9"
  },
  "annotations": [
    {
      "name": "Right-Grasper",
      "polygon": {
        "path": [
          {
            "x": 583.0,
            "y": 288.37
          },
          {
            "x": 584.78,
            "y": 318.23
          },
          {
            "x": 585.23,
            "y": 327.37
          },
          {
            "x": 584.78,
            "y": 333.61
          },
          {
            "x": 583.45,
            "y": 337.4
          },
          {
            "x": 580.1,
            "y": 343.41
          },
          {
            "x": 576.98,
            "y": 349.21
          },
          {
            "x": 576.31,
            "y": 355.0
          },
          {
            "x": 576.54,
            "y": 360.35
          },
          {
            "x": 577.21,
            "y": 365.92
          },
          {
            "x": 581.44,
            "y": 371.05
          },
          {
            "x": 585.23,
            "y": 374.61
          },
          {
            "x": 595.7,
            "y": 379.07
          },
          {
            "x": 602.13,
            "y": 382.21
          },
          {
            "x": 607.58,
            "y": 385.15
          },
          {
            "x": 632.91,
            "y": 338.73
          },
          {
            "x": 630.46,
            "y": 337.4
          },
          {
            "x": 624.22,
            "y": 334.95
          },
          {
            "x": 616.43,
            "y": 333.16
          },
          {
            "x": 610.85,
            "y": 332.27
          },
          {
            "x": 608.85,
            "y": 332.27
          },
          {
            "x": 602.83,
            "y": 305.31
          },
          {
            "x": 600.38,
            "y": 293.94
          },
          {
            "x": 599.04,
            "y": 285.92
          },
          {
            "x": 597.26,
            "y": 284.58
          },
          {
            "x": 593.03,
            "y": 283.47
          },
          {
            "x": 589.02,
            "y": 283.69
          },
          {
            "x": 584.78,
            "y": 285.25
          }
        ]
      }
    },
    {
      "name": "Left-Grasper",
      "polygon": {
        "path": [
          {
            "x": 219.38,
            "y": 291.93
          },
          {
            "x": 234.98,
            "y": 349.42
          },
          {
            "x": 243.44,
            "y": 346.3
          },
          {
            "x": 260.83,
            "y": 337.39
          },
          {
            "x": 275.53,
            "y": 330.71
          },
          {
            "x": 283.55,
            "y": 325.36
          },
          {
            "x": 291.13,
            "y": 318.67
          },
          {
            "x": 296.48,
            "y": 310.65
          },
          {
            "x": 301.38,
            "y": 304.41
          },
          {
            "x": 305.39,
            "y": 298.62
          },
          {
            "x": 323.39,
            "y": 274.45
          },
          {
            "x": 324.3,
            "y": 269.68
          },
          {
            "x": 324.3,
            "y": 265.81
          },
          {
            "x": 323.16,
            "y": 263.76
          },
          {
            "x": 319.75,
            "y": 262.4
          },
          {
            "x": 317.25,
            "y": 262.4
          },
          {
            "x": 317.25,
            "y": 261.26
          },
          {
            "x": 316.57,
            "y": 258.99
          },
          {
            "x": 314.52,
            "y": 256.72
          },
          {
            "x": 311.8,
            "y": 255.58
          },
          {
            "x": 309.52,
            "y": 255.81
          },
          {
            "x": 306.11,
            "y": 257.62
          },
          {
            "x": 281.78,
            "y": 278.77
          },
          {
            "x": 278.37,
            "y": 280.36
          },
          {
            "x": 273.6,
            "y": 280.14
          },
          {
            "x": 261.54,
            "y": 279.0
          },
          {
            "x": 247.22,
            "y": 278.77
          },
          {
            "x": 239.03,
            "y": 279.45
          },
          {
            "x": 231.44,
            "y": 281.36
          },
          {
            "x": 226.75,
            "y": 284.68
          }
        ]
      }
    },
    {
      "keypoint": {
        "x": 416.62,
        "y": 309.92
      },
      "name": "Needle End"
    },
    {
      "keypoint": {
        "x": 319.07,
        "y": 280.59
      },
      "name": "Needle Tip"
    }
  ]
}