{
  "dataset": "Surgery Tools Needle",
  "image": {
    "width": 640,
    "height": 480,
    "original_filename": "Suturing_D001_1617_1700_frame_0001.jpeg",
    "filename": "Suturing_D001_1617_1700_frame_0001.jpeg",
    "url": "https://darwin.v7labs.com/api/images/71522935/original",
    "thumbnail_url": "https://darwin.v7labs.com/api/images/71522935/thumbnail",
    "path": "/",
    "workview_url": "https://darwin.v7labs.com/workview?dataset=161769&image=35"
  },
  "annotations": [
    {
      "name": "Left-Grasper",
      "polygon": {
        "path": [
          {
            "x": -0.13,
            "y": 261.72
          },
          {
            "x": 10.79,
            "y": 259.85
          },
          {
            "x": 23.58,
            "y": 258.91
          },
          {
            "x": 40.42,
            "y": 260.16
          },
          {
            "x": 47.29,
            "y": 255.17
          },
          {
            "x": 54.46,
            "y": 252.05
          },
          {
            "x": 79.15,
            "y": 234.93
          },
          {
            "x": 80.49,
            "y": 234.71
          },
          {
            "x": 82.72,
            "y": 234.93
          },
          {
            "x": 85.39,
            "y": 236.05
          },
          {
            "x": 86.51,
            "y": 237.83
          },
          {
            "x": 88.07,
            "y": 239.17
          },
          {
            "x": 90.52,
            "y": 240.51
          },
          {
            "x": 92.08,
            "y": 241.62
          },
          {
            "x": 92.75,
            "y": 243.4
          },
          {
            "x": 92.3,
            "y": 246.3
          },
          {
            "x": 88.29,
            "y": 250.76
          },
          {
            "x": 67.34,
            "y": 270.14
          },
          {
            "x": 65.56,
            "y": 276.83
          },
          {
            "x": 64.22,
            "y": 281.95
          },
          {
            "x": 62.44,
            "y": 289.08
          },
          {
            "x": 57.76,
            "y": 296.66
          },
          {
            "x": 54.86,
            "y": 300.67
          },
          {
            "x": 16.31,
            "y": 323.4
          },
          {
            "x": 5.84,
            "y": 328.08
          },
          {
            "x": 0.05,
            "y": 330.09
          }
        ]
      }
    },
    {
      "name": "Right-Grasper",
      "polygon": {
        "path": [
          {
            "x": 257.28,
            "y": 308.87
          },
          {
            "x": 257.05,
            "y": 321.88
          },
          {
            "x": 256.69,
            "y": 329.19
          },
          {
            "x": 255.43,
            "y": 335.37
          },
          {
            "x": 255.74,
            "y": 346.6
          },
          {
            "x": 259.26,
            "y": 352.83
          },
          {
            "x": 266.48,
            "y": 360.13
          },
          {
            "x": 273.16,
            "y": 366.41
          },
          {
            "x": 279.79,
            "y": 369.25
          },
          {
            "x": 283.26,
            "y": 370.83
          },
          {
            "x": 306.0,
            "y": 337.67
          },
          {
            "x": 302.53,
            "y": 331.35
          },
          {
            "x": 296.21,
            "y": 327.56
          },
          {
            "x": 289.26,
            "y": 323.46
          },
          {
            "x": 281.05,
            "y": 322.82
          },
          {
            "x": 274.74,
            "y": 321.56
          },
          {
            "x": 271.89,
            "y": 320.3
          },
          {
            "x": 271.91,
            "y": 311.97
          },
          {
            "x": 271.28,
            "y": 306.45
          },
          {
            "x": 270.31,
            "y": 304.51
          },
          {
            "x": 268.73,
            "y": 303.88
          },
          {
            "x": 266.07,
            "y": 303.39
          },
          {
            "x": 263.14,
            "y": 303.32
          },
          {
            "x": 260.44,
            "y": 304.45
          },
          {
            "x": 258.31,
            "y": 306.51
          }
        ]
      }
    },
    {
      "keypoint": {
        "x": 192.2,
        "y": 288.99
      },
      "name": "Needle End"
    },
    {
      "keypoint": {
        "x": 81.94,
        "y": 259.86
      },
      "name": "Needle Tip"
    }
  ]
}