{
  "dataset": "Surgery Tools Needle",
  "image": {
    "width": 640,
    "height": 480,
    "original_filename": "Suturing_D001_636_853_frame_0011.jpeg",
    "filename": "Suturing_D001_636_853_frame_0011.jpeg",
    "url": "https://darwin.v7labs.com/api/images/71522903/original",
    "thumbnail_url": "https://darwin.v7labs.com/api/images/71522903/thumbnail",
    "path": "/",
    "workview_url": "https://darwin.v7labs.com/workview?dataset=161769&image=3"
  },
  "annotations": [
    {
      "name": "Left-Grasper",
      "polygon": {
        "path": [
          {
            "x": 95.87,
            "y": 282.22
          },
          {
            "x": 105.0,
            "y": 333.47
          },
          {
            "x": 112.13,
            "y": 334.14
          },
          {
            "x": 123.94,
            "y": 333.92
          },
          {
            "x": 132.86,
            "y": 332.81
          },
          {
            "x": 142.22,
            "y": 328.8
          },
          {
            "x": 149.12,
            "y": 322.78
          },
          {
            "x": 154.7,
            "y": 314.31
          },
          {
            "x": 157.82,
            "y": 307.4
          },
          {
            "x": 162.5,
            "y": 303.39
          },
          {
            "x": 180.26,
            "y": 286.23
          },
          {
            "x": 187.9,
            "y": 279.77
          },
          {
            "x": 190.35,
            "y": 274.2
          },
          {
            "x": 189.46,
            "y": 271.08
          },
          {
            "x": 185.89,
            "y": 269.07
          },
          {
            "x": 181.88,
            "y": 270.86
          },
          {
            "x": 177.43,
            "y": 273.31
          },
          {
            "x": 177.2,
            "y": 271.08
          },
          {
            "x": 181.66,
            "y": 267.96
          },
          {
            "x": 182.77,
            "y": 265.73
          },
          {
            "x": 182.33,
            "y": 261.72
          },
          {
            "x": 180.77,
            "y": 259.94
          },
          {
            "x": 178.76,
            "y": 258.82
          },
          {
            "x": 174.75,
            "y": 259.05
          },
          {
            "x": 170.96,
            "y": 260.83
          },
          {
            "x": 153.8,
            "y": 273.98
          },
          {
            "x": 150.68,
            "y": 274.87
          },
          {
            "x": 146.01,
            "y": 275.31
          },
          {
            "x": 141.33,
            "y": 273.31
          },
          {
            "x": 132.42,
            "y": 273.26
          },
          {
            "x": 124.42,
            "y": 273.98
          },
          {
            "x": 119.21,
            "y": 274.95
          },
          {
            "x": 115.55,
            "y": 275.21
          },
          {
            "x": 109.01,
            "y": 276.65
          }
        ]
      }
    },
    {
      "name": "Right-Grasper",
      "polygon": {
        "path": [
          {
            "x": 492.88,
            "y": 258.67
          },
          {
            "x": 498.16,
            "y": 256.36
          },
          {
            "x": 504.52,
            "y": 256.15
          },
          {
            "x": 505.91,
            "y": 256.97
          },
          {
            "x": 506.73,
            "y": 258.25
          },
          {
            "x": 508.21,
            "y": 260.47
          },
          {
            "x": 510.13,
            "y": 267.61
          },
          {
            "x": 511.04,
            "y": 273.86
          },
          {
            "x": 513.69,
            "y": 276.83
          },
          {
            "x": 517.32,
            "y": 278.81
          },
          {
            "x": 526.47,
            "y": 280.08
          },
          {
            "x": 532.95,
            "y": 282.08
          },
          {
            "x": 535.42,
            "y": 283.09
          },
          {
            "x": 544.89,
            "y": 288.98
          },
          {
            "x": 546.44,
            "y": 291.02
          },
          {
            "x": 548.71,
            "y": 297.35
          },
          {
            "x": 538.85,
            "y": 341.82
          },
          {
            "x": 530.43,
            "y": 339.02
          },
          {
            "x": 523.37,
            "y": 336.16
          },
          {
            "x": 513.25,
            "y": 330.49
          },
          {
            "x": 501.47,
            "y": 322.85
          },
          {
            "x": 494.15,
            "y": 315.53
          },
          {
            "x": 489.93,
            "y": 308.84
          },
          {
            "x": 489.05,
            "y": 301.52
          },
          {
            "x": 490.01,
            "y": 291.02
          },
          {
            "x": 491.28,
            "y": 284.65
          },
          {
            "x": 491.28,
            "y": 276.69
          },
          {
            "x": 490.96,
            "y": 264.59
          }
        ]
      }
    },
    {
      "keypoint": {
        "x": 188.94,
        "y": 278.31
      },
      "name": "Needle Tip"
    },
    {
      "keypoint": {
        "x": 287.67,
        "y": 297.35
      },
      "name": "Needle End"
    }
  ]
}