{
  "dataset": "Surgery Tools Needle",
  "image": {
    "width": 640,
    "height": 480,
    "original_filename": "Suturing_D002_941_1001_frame_0003.jpeg",
    "filename": "Suturing_D002_941_1001_frame_0003.jpeg",
    "url": "https://darwin.v7labs.com/api/images/71522944/original",
    "thumbnail_url": "https://darwin.v7labs.com/api/images/71522944/thumbnail",
    "path": "/",
    "workview_url": "https://darwin.v7labs.com/workview?dataset=161769&image=44"
  },
  "annotations": [
    {
      "keypoint": {
        "x": 284.16,
        "y": 269.66
      },
      "name": "Needle Tip"
    },
    {
      "keypoint": {
        "x": 390.73,
        "y": 275.02
      },
      "name": "Needle End"
    },
    {
      "name": "Right-Grasper",
      "polygon": {
        "path": [
          {
            "x": 597.51,
            "y": 226.48
          },
          {
            "x": 599.72,
            "y": 252.56
          },
          {
            "x": 597.51,
            "y": 261.41
          },
          {
            "x": 593.97,
            "y": 268.92
          },
          {
            "x": 593.97,
            "y": 276.44
          },
          {
            "x": 597.51,
            "y": 286.17
          },
          {
            "x": 604.14,
            "y": 295.45
          },
          {
            "x": 619.61,
            "y": 305.62
          },
          {
            "x": 625.36,
            "y": 309.6
          },
          {
            "x": 630.67,
            "y": 311.37
          },
          {
            "x": 639.95,
            "y": 314.02
          },
          {
            "x": 639.95,
            "y": 254.33
          },
          {
            "x": 626.25,
            "y": 250.79
          },
          {
            "x": 622.27,
            "y": 250.79
          },
          {
            "x": 616.08,
            "y": 230.46
          },
          {
            "x": 613.43,
            "y": 224.28
          },
          {
            "x": 608.76,
            "y": 222.93
          },
          {
            "x": 603.57,
            "y": 222.93
          },
          {
            "x": 599.29,
            "y": 223.83
          }
        ]
      }
    },
    {
      "name": "Left-Grasper",
      "polygon": {
        "path": [
          {
            "x": 211.32,
            "y": 265.78
          },
          {
            "x": 235.52,
            "y": 327.86
          },
          {
            "x": 243.48,
            "y": 325.31
          },
          {
            "x": 254.3,
            "y": 322.44
          },
          {
            "x": 268.94,
            "y": 313.85
          },
          {
            "x": 278.81,
            "y": 306.53
          },
          {
            "x": 284.86,
            "y": 301.12
          },
          {
            "x": 286.45,
            "y": 289.34
          },
          {
            "x": 284.86,
            "y": 282.02
          },
          {
            "x": 283.27,
            "y": 275.01
          },
          {
            "x": 283.27,
            "y": 265.46
          },
          {
            "x": 288.04,
            "y": 254.64
          },
          {
            "x": 290.27,
            "y": 247.95
          },
          {
            "x": 291.54,
            "y": 245.41
          },
          {
            "x": 291.23,
            "y": 242.86
          },
          {
            "x": 287.09,
            "y": 240.63
          },
          {
            "x": 283.9,
            "y": 242.54
          },
          {
            "x": 281.04,
            "y": 247.0
          },
          {
            "x": 278.81,
            "y": 253.36
          },
          {
            "x": 280.72,
            "y": 240.63
          },
          {
            "x": 280.08,
            "y": 239.36
          },
          {
            "x": 279.45,
            "y": 237.77
          },
          {
            "x": 276.26,
            "y": 237.13
          },
          {
            "x": 271.49,
            "y": 237.13
          },
          {
            "x": 269.26,
            "y": 239.36
          },
          {
            "x": 259.87,
            "y": 258.78
          },
          {
            "x": 247.14,
            "y": 257.03
          },
          {
            "x": 240.29,
            "y": 255.75
          },
          {
            "x": 232.65,
            "y": 254.32
          },
          {
            "x": 222.94,
            "y": 256.23
          },
          {
            "x": 218.01,
            "y": 259.41
          }
        ]
      }
    }
  ]
}