{
  "dataset": "Surgery Tools Needle",
  "image": {
    "width": 640,
    "height": 480,
    "original_filename": "Suturing_D001_636_853_frame_0006.jpeg",
    "filename": "Suturing_D001_636_853_frame_0006.jpeg",
    "url": "https://darwin.v7labs.com/api/images/71522931/original",
    "thumbnail_url": "https://darwin.v7labs.com/api/images/71522931/thumbnail",
    "path": "/",
    "workview_url": "https://darwin.v7labs.com/workview?dataset=161769&image=31"
  },
  "annotations": [
    {
      "keypoint": {
        "x": 246.6,
        "y": 298.31
      },
      "name": "Needle End"
    },
    {
      "keypoint": {
        "x": 155.69,
        "y": 272.47
      },
      "name": "Needle Tip"
    },
    {
      "name": "Left-Grasper",
      "polygon": {
        "path": [
          {
            "x": 74.2,
            "y": 270.83
          },
          {
            "x": 83.12,
            "y": 325.43
          },
          {
            "x": 95.37,
            "y": 324.68
          },
          {
            "x": 108.37,
            "y": 322.46
          },
          {
            "x": 118.77,
            "y": 317.63
          },
          {
            "x": 129.54,
            "y": 302.4
          },
          {
            "x": 139.2,
            "y": 290.14
          },
          {
            "x": 158.14,
            "y": 270.09
          },
          {
            "x": 162.22,
            "y": 266.37
          },
          {
            "x": 162.6,
            "y": 263.77
          },
          {
            "x": 161.48,
            "y": 261.55
          },
          {
            "x": 160.0,
            "y": 260.43
          },
          {
            "x": 156.65,
            "y": 260.43
          },
          {
            "x": 154.05,
            "y": 261.55
          },
          {
            "x": 155.91,
            "y": 255.98
          },
          {
            "x": 156.28,
            "y": 253.75
          },
          {
            "x": 155.91,
            "y": 251.89
          },
          {
            "x": 153.68,
            "y": 250.03
          },
          {
            "x": 151.45,
            "y": 249.29
          },
          {
            "x": 148.11,
            "y": 249.29
          },
          {
            "x": 145.51,
            "y": 250.78
          },
          {
            "x": 119.88,
            "y": 266.75
          },
          {
            "x": 113.57,
            "y": 264.15
          },
          {
            "x": 109.11,
            "y": 263.77
          },
          {
            "x": 100.94,
            "y": 263.03
          },
          {
            "x": 91.66,
            "y": 263.03
          },
          {
            "x": 86.83,
            "y": 264.52
          },
          {
            "x": 79.77,
            "y": 267.49
          }
        ]
      }
    },
    {
      "name": "Right-Grasper",
      "polygon": {
        "path": [
          {
            "x": 387.6,
            "y": 316.52
          },
          {
            "x": 386.49,
            "y": 331.19
          },
          {
            "x": 381.12,
            "y": 340.35
          },
          {
            "x": 379.54,
            "y": 348.25
          },
          {
            "x": 379.86,
            "y": 354.25
          },
          {
            "x": 380.81,
            "y": 358.67
          },
          {
            "x": 384.6,
            "y": 363.72
          },
          {
            "x": 391.86,
            "y": 368.46
          },
          {
            "x": 405.95,
            "y": 376.41
          },
          {
            "x": 434.43,
            "y": 337.68
          },
          {
            "x": 430.81,
            "y": 334.43
          },
          {
            "x": 426.43,
            "y": 331.15
          },
          {
            "x": 418.66,
            "y": 327.93
          },
          {
            "x": 409.23,
            "y": 326.45
          },
          {
            "x": 404.49,
            "y": 327.4
          },
          {
            "x": 403.23,
            "y": 322.35
          },
          {
            "x": 401.33,
            "y": 315.4
          },
          {
            "x": 398.4,
            "y": 313.21
          },
          {
            "x": 396.03,
            "y": 312.25
          },
          {
            "x": 392.64,
            "y": 312.66
          },
          {
            "x": 389.41,
            "y": 313.93
          }
        ]
      }
    }
  ]
}