{
  "dataset": "Surgery Tools Needle",
  "image": {
    "width": 640,
    "height": 480,
    "original_filename": "Suturing_D002_1383_1489_frame_0004.jpeg",
    "filename": "Suturing_D002_1383_1489_frame_0004.jpeg",
    "url": "https://darwin.v7labs.com/api/images/71522949/original",
    "thumbnail_url": "https://darwin.v7labs.com/api/images/71522949/thumbnail",
    "path": "/",
    "workview_url": "https://darwin.v7labs.com/workview?dataset=161769&image=49"
  },
  "annotations": [
    {
      "keypoint": {
        "x": 264.02,
        "y": 200.39
      },
      "name": "Needle End"
    },
    {
      "keypoint": {
        "x": 113.05,
        "y": 197.28
      },
      "name": "Needle Tip"
    },
    {
      "name": "Left-Grasper",
      "polygon": {
        "path": [
          {
            "x": 13.28,
            "y": 182.95
          },
          {
            "x": 26.34,
            "y": 269.04
          },
          {
            "x": 52.51,
            "y": 262.73
          },
          {
            "x": 76.87,
            "y": 253.25
          },
          {
            "x": 95.1,
            "y": 240.61
          },
          {
            "x": 104.81,
            "y": 225.5
          },
          {
            "x": 108.88,
            "y": 214.69
          },
          {
            "x": 109.78,
            "y": 204.77
          },
          {
            "x": 112.06,
            "y": 193.25
          },
          {
            "x": 127.09,
            "y": 169.74
          },
          {
            "x": 128.39,
            "y": 163.35
          },
          {
            "x": 129.04,
            "y": 156.22
          },
          {
            "x": 127.5,
            "y": 154.14
          },
          {
            "x": 124.82,
            "y": 153.12
          },
          {
            "x": 121.95,
            "y": 153.91
          },
          {
            "x": 120.27,
            "y": 155.93
          },
          {
            "x": 117.76,
            "y": 155.3
          },
          {
            "x": 117.53,
            "y": 153.69
          },
          {
            "x": 117.07,
            "y": 150.93
          },
          {
            "x": 114.77,
            "y": 148.4
          },
          {
            "x": 113.16,
            "y": 148.17
          },
          {
            "x": 107.67,
            "y": 148.64
          },
          {
            "x": 102.15,
            "y": 155.69
          },
          {
            "x": 80.39,
            "y": 184.52
          },
          {
            "x": 69.1,
            "y": 181.1
          },
          {
            "x": 53.05,
            "y": 177.3
          },
          {
            "x": 37.43,
            "y": 176.25
          },
          {
            "x": 13.8,
            "y": 177.99
          }
        ]
      }
    },
    {
      "name": "Right-Grasper",
      "polygon": {
        "path": [
          {
            "x": 259.78,
            "y": 315.8
          },
          {
            "x": 269.65,
            "y": 338.4
          },
          {
            "x": 267.1,
            "y": 349.86
          },
          {
            "x": 268.38,
            "y": 358.14
          },
          {
            "x": 271.56,
            "y": 367.37
          },
          {
            "x": 279.52,
            "y": 379.79
          },
          {
            "x": 289.39,
            "y": 388.7
          },
          {
            "x": 296.07,
            "y": 394.75
          },
          {
            "x": 297.98,
            "y": 395.7
          },
          {
            "x": 327.75,
            "y": 359.6
          },
          {
            "x": 328.87,
            "y": 352.95
          },
          {
            "x": 318.52,
            "y": 341.79
          },
          {
            "x": 305.32,
            "y": 331.11
          },
          {
            "x": 294.16,
            "y": 326.31
          },
          {
            "x": 288.11,
            "y": 325.35
          },
          {
            "x": 283.66,
            "y": 321.85
          },
          {
            "x": 274.74,
            "y": 310.39
          },
          {
            "x": 269.33,
            "y": 307.84
          },
          {
            "x": 265.19,
            "y": 307.84
          },
          {
            "x": 262.97,
            "y": 309.11
          },
          {
            "x": 260.4,
            "y": 312.46
          }
        ]
      }
    }
  ]
}