{
  "dataset": "Surgery Tools Needle",
  "image": {
    "width": 640,
    "height": 480,
    "original_filename": "Suturing_D001_1617_1700_frame_0002.jpeg",
    "filename": "Suturing_D001_1617_1700_frame_0002.jpeg",
    "url": "https://darwin.v7labs.com/api/images/71522936/original",
    "thumbnail_url": "https://darwin.v7labs.com/api/images/71522936/thumbnail",
    "path": "/",
    "workview_url": "https://darwin.v7labs.com/workview?dataset=161769&image=36"
  },
  "annotations": [
    {
      "name": "Right-Grasper",
      "polygon": {
        "path": [
          {
            "x": 329.2,
            "y": 228.51
          },
          {
            "x": 328.75,
            "y": 260.6
          },
          {
            "x": 326.53,
            "y": 269.06
          },
          {
            "x": 326.08,
            "y": 278.2
          },
          {
            "x": 327.42,
            "y": 285.78
          },
          {
            "x": 329.87,
            "y": 290.23
          },
          {
            "x": 333.88,
            "y": 295.8
          },
          {
            "x": 343.02,
            "y": 304.05
          },
          {
            "x": 348.81,
            "y": 306.95
          },
          {
            "x": 376.44,
            "y": 274.86
          },
          {
            "x": 375.77,
            "y": 269.06
          },
          {
            "x": 371.76,
            "y": 263.49
          },
          {
            "x": 364.19,
            "y": 259.26
          },
          {
            "x": 357.28,
            "y": 258.15
          },
          {
            "x": 349.7,
            "y": 255.25
          },
          {
            "x": 346.36,
            "y": 252.13
          },
          {
            "x": 344.58,
            "y": 247.89
          },
          {
            "x": 340.57,
            "y": 229.4
          },
          {
            "x": 339.23,
            "y": 227.62
          },
          {
            "x": 337.67,
            "y": 226.73
          },
          {
            "x": 335.66,
            "y": 226.28
          },
          {
            "x": 332.1,
            "y": 226.5
          },
          {
            "x": 330.76,
            "y": 227.39
          }
        ]
      }
    },
    {
      "name": "Left-Grasper",
      "polygon": {
        "path": [
          {
            "x": -0.14,
            "y": 270.82
          },
          {
            "x": 0.13,
            "y": 333.39
          },
          {
            "x": 11.4,
            "y": 333.13
          },
          {
            "x": 20.27,
            "y": 332.05
          },
          {
            "x": 31.01,
            "y": 329.1
          },
          {
            "x": 41.75,
            "y": 323.46
          },
          {
            "x": 60.28,
            "y": 310.3
          },
          {
            "x": 67.26,
            "y": 300.36
          },
          {
            "x": 69.41,
            "y": 294.19
          },
          {
            "x": 72.9,
            "y": 287.2
          },
          {
            "x": 100.02,
            "y": 256.32
          },
          {
            "x": 100.83,
            "y": 251.76
          },
          {
            "x": 100.56,
            "y": 249.34
          },
          {
            "x": 98.41,
            "y": 248.27
          },
          {
            "x": 96.0,
            "y": 248.27
          },
          {
            "x": 95.46,
            "y": 248.8
          },
          {
            "x": 95.19,
            "y": 247.46
          },
          {
            "x": 94.92,
            "y": 245.58
          },
          {
            "x": 93.58,
            "y": 244.24
          },
          {
            "x": 90.89,
            "y": 242.63
          },
          {
            "x": 87.13,
            "y": 242.36
          },
          {
            "x": 82.57,
            "y": 242.89
          },
          {
            "x": 78.54,
            "y": 246.12
          },
          {
            "x": 62.97,
            "y": 259.01
          },
          {
            "x": 52.76,
            "y": 264.38
          },
          {
            "x": 49.54,
            "y": 268.41
          },
          {
            "x": 46.85,
            "y": 268.41
          },
          {
            "x": 18.39,
            "y": 268.14
          },
          {
            "x": 9.79,
            "y": 268.67
          }
        ]
      }
    },
    {
      "keypoint": {
        "x": 97.57,
        "y": 265.23
      },
      "name": "Needle Tip"
    },
    {
      "keypoint": {
        "x": 208.19,
        "y": 277.84
      },
      "name": "Needle End"
    }
  ]
}