{
  "dataset": "Surgery Tools Needle",
  "image": {
    "width": 640,
    "height": 480,
    "original_filename": "Suturing_D001_1617_1700_frame_0000.jpeg",
    "filename": "Suturing_D001_1617_1700_frame_0000.jpeg",
    "url": "https://darwin.v7labs.com/api/images/71522934/original",
    "thumbnail_url": "https://darwin.v7labs.com/api/images/71522934/thumbnail",
    "path": "/",
    "workview_url": "https://darwin.v7labs.com/workview?dataset=161769&image=34"
  },
  "annotations": [
    {
      "name": "Right-Grasper",
      "polygon": {
        "path": [
          {
            "x": 239.71,
            "y": 331.23
          },
          {
            "x": 250.63,
            "y": 350.26
          },
          {
            "x": 249.38,
            "y": 358.99
          },
          {
            "x": 249.69,
            "y": 365.23
          },
          {
            "x": 252.19,
            "y": 370.54
          },
          {
            "x": 263.42,
            "y": 380.52
          },
          {
            "x": 278.71,
            "y": 389.57
          },
          {
            "x": 282.45,
            "y": 391.44
          },
          {
            "x": 304.6,
            "y": 354.94
          },
          {
            "x": 301.17,
            "y": 349.01
          },
          {
            "x": 290.56,
            "y": 341.83
          },
          {
            "x": 282.14,
            "y": 339.65
          },
          {
            "x": 278.4,
            "y": 339.34
          },
          {
            "x": 273.4,
            "y": 313.44
          },
          {
            "x": 271.22,
            "y": 311.88
          },
          {
            "x": 267.16,
            "y": 310.95
          },
          {
            "x": 264.04,
            "y": 311.57
          },
          {
            "x": 262.17,
            "y": 314.69
          },
          {
            "x": 264.36,
            "y": 339.96
          },
          {
            "x": 261.24,
            "y": 342.77
          },
          {
            "x": 257.81,
            "y": 342.15
          },
          {
            "x": 248.13,
            "y": 324.68
          },
          {
            "x": 246.57,
            "y": 324.05
          },
          {
            "x": 244.08,
            "y": 323.43
          },
          {
            "x": 241.27,
            "y": 324.68
          }
        ]
      }
    },
    {
      "name": "Left-Grasper",
      "polygon": {
        "path": [
          {
            "x": 8.29,
            "y": 255.7
          },
          {
            "x": 20.21,
            "y": 255.66
          },
          {
            "x": 35.37,
            "y": 255.34
          },
          {
            "x": 45.47,
            "y": 256.6
          },
          {
            "x": 50.21,
            "y": 255.34
          },
          {
            "x": 79.65,
            "y": 232.46
          },
          {
            "x": 81.88,
            "y": 231.79
          },
          {
            "x": 82.5,
            "y": 231.59
          },
          {
            "x": 84.2,
            "y": 231.83
          },
          {
            "x": 86.53,
            "y": 232.92
          },
          {
            "x": 90.32,
            "y": 235.44
          },
          {
            "x": 93.16,
            "y": 237.34
          },
          {
            "x": 94.5,
            "y": 239.96
          },
          {
            "x": 94.39,
            "y": 242.04
          },
          {
            "x": 92.85,
            "y": 244.6
          },
          {
            "x": 68.19,
            "y": 271.82
          },
          {
            "x": 65.05,
            "y": 279.66
          },
          {
            "x": 62.96,
            "y": 288.88
          },
          {
            "x": 56.84,
            "y": 297.97
          },
          {
            "x": 43.58,
            "y": 306.19
          },
          {
            "x": 26.53,
            "y": 313.45
          },
          {
            "x": 16.74,
            "y": 316.61
          },
          {
            "x": 6.44,
            "y": 318.7
          },
          {
            "x": 0.16,
            "y": 318.23
          },
          {
            "x": 0.19,
            "y": 256.27
          }
        ]
      }
    },
    {
      "keypoint": {
        "x": 94.15,
        "y": 264.23
      },
      "name": "Needle Tip"
    },
    {
      "keypoint": {
        "x": 191.09,
        "y": 287.65
      },
      "name": "Needle End"
    }
  ]
}