{
  "dataset": "Surgery Tools Needle",
  "image": {
    "width": 640,
    "height": 480,
    "original_filename": "Suturing_D001_636_853_frame_0013.jpeg",
    "filename": "Suturing_D001_636_853_frame_0013.jpeg",
    "url": "https://darwin.v7labs.com/api/images/71522905/original",
    "thumbnail_url": "https://darwin.v7labs.com/api/images/71522905/thumbnail",
    "path": "/",
    "workview_url": "https://darwin.v7labs.com/workview?dataset=161769&image=5"
  },
  "annotations": [
    {
      "name": "Left-Grasper",
      "polygon": {
        "path": [
          {
            "x": 121.7,
            "y": 283.43
          },
          {
            "x": 129.66,
            "y": 336.43
          },
          {
            "x": 139.85,
            "y": 336.91
          },
          {
            "x": 152.43,
            "y": 335.83
          },
          {
            "x": 159.6,
            "y": 334.54
          },
          {
            "x": 165.47,
            "y": 331.5
          },
          {
            "x": 170.09,
            "y": 323.7
          },
          {
            "x": 177.73,
            "y": 313.04
          },
          {
            "x": 184.41,
            "y": 306.51
          },
          {
            "x": 199.85,
            "y": 291.87
          },
          {
            "x": 210.68,
            "y": 281.2
          },
          {
            "x": 212.11,
            "y": 276.27
          },
          {
            "x": 211.95,
            "y": 273.24
          },
          {
            "x": 210.68,
            "y": 271.65
          },
          {
            "x": 208.93,
            "y": 271.01
          },
          {
            "x": 205.11,
            "y": 271.01
          },
          {
            "x": 201.29,
            "y": 274.68
          },
          {
            "x": 200.01,
            "y": 274.52
          },
          {
            "x": 199.69,
            "y": 273.88
          },
          {
            "x": 202.08,
            "y": 271.49
          },
          {
            "x": 205.51,
            "y": 268.23
          },
          {
            "x": 206.78,
            "y": 266.39
          },
          {
            "x": 206.32,
            "y": 263.63
          },
          {
            "x": 204.13,
            "y": 261.21
          },
          {
            "x": 201.83,
            "y": 260.06
          },
          {
            "x": 198.6,
            "y": 260.06
          },
          {
            "x": 194.12,
            "y": 261.67
          },
          {
            "x": 182.38,
            "y": 270.42
          },
          {
            "x": 173.98,
            "y": 276.64
          },
          {
            "x": 172.36,
            "y": 278.59
          },
          {
            "x": 169.03,
            "y": 278.13
          },
          {
            "x": 166.49,
            "y": 276.06
          },
          {
            "x": 162.11,
            "y": 275.99
          },
          {
            "x": 148.87,
            "y": 276.22
          },
          {
            "x": 138.82,
            "y": 277.59
          },
          {
            "x": 131.06,
            "y": 279.87
          }
        ]
      }
    },
    {
      "name": "Right-Grasper",
      "polygon": {
        "path": [
          {
            "x": 602.42,
            "y": 249.89
          },
          {
            "x": 603.37,
            "y": 258.8
          },
          {
            "x": 603.61,
            "y": 266.11
          },
          {
            "x": 603.91,
            "y": 272.81
          },
          {
            "x": 604.73,
            "y": 282.96
          },
          {
            "x": 602.68,
            "y": 291.42
          },
          {
            "x": 599.55,
            "y": 297.96
          },
          {
            "x": 599.23,
            "y": 306.24
          },
          {
            "x": 599.87,
            "y": 311.65
          },
          {
            "x": 601.14,
            "y": 314.51
          },
          {
            "x": 606.55,
            "y": 324.06
          },
          {
            "x": 612.28,
            "y": 329.16
          },
          {
            "x": 632.4,
            "y": 340.33
          },
          {
            "x": 640.3,
            "y": 343.1
          },
          {
            "x": 640.08,
            "y": 284.43
          },
          {
            "x": 635.91,
            "y": 283.73
          },
          {
            "x": 631.39,
            "y": 282.68
          },
          {
            "x": 627.88,
            "y": 276.31
          },
          {
            "x": 623.43,
            "y": 267.72
          },
          {
            "x": 618.65,
            "y": 253.71
          },
          {
            "x": 617.06,
            "y": 250.85
          },
          {
            "x": 615.15,
            "y": 248.94
          },
          {
            "x": 613.88,
            "y": 247.98
          },
          {
            "x": 609.42,
            "y": 247.98
          }
        ]
      }
    },
    {
      "keypoint": {
        "x": 299.96,
        "y": 295.18
      },
      "name": "Needle End"
    },
    {
      "keypoint": {
        "x": 211.95,
        "y": 278.97
      },
      "name": "Needle Tip"
    }
  ]
}