{
  "dataset": "Surgery Tools Needle",
  "image": {
    "width": 640,
    "height": 480,
    "original_filename": "Suturing_D001_636_853_frame_0002.jpeg",
    "filename": "Suturing_D001_636_853_frame_0002.jpeg",
    "url": "https://darwin.v7labs.com/api/images/71522927/original",
    "thumbnail_url": "https://darwin.v7labs.com/api/images/71522927/thumbnail",
    "path": "/",
    "workview_url": "https://darwin.v7labs.com/workview?dataset=161769&image=27"
  },
  "annotations": [
    {
      "keypoint": {
        "x": 213.61,
        "y": 299.09
      },
      "name": "Needle End"
    },
    {
      "keypoint": {
        "x": 127.56,
        "y": 265.9
      },
      "name": "Needle Tip"
    },
    {
      "name": "Left-Grasper",
      "polygon": {
        "path": [
          {
            "x": 53.21,
            "y": 258.72
          },
          {
            "x": 60.56,
            "y": 318.27
          },
          {
            "x": 70.59,
            "y": 315.19
          },
          {
            "x": 80.48,
            "y": 309.93
          },
          {
            "x": 86.54,
            "y": 306.28
          },
          {
            "x": 92.65,
            "y": 299.99
          },
          {
            "x": 100.76,
            "y": 290.86
          },
          {
            "x": 107.89,
            "y": 285.73
          },
          {
            "x": 111.9,
            "y": 282.84
          },
          {
            "x": 117.25,
            "y": 276.15
          },
          {
            "x": 121.26,
            "y": 271.25
          },
          {
            "x": 134.41,
            "y": 258.77
          },
          {
            "x": 135.75,
            "y": 256.76
          },
          {
            "x": 135.75,
            "y": 254.31
          },
          {
            "x": 134.41,
            "y": 252.08
          },
          {
            "x": 131.73,
            "y": 251.64
          },
          {
            "x": 127.95,
            "y": 252.75
          },
          {
            "x": 124.16,
            "y": 254.31
          },
          {
            "x": 126.83,
            "y": 250.97
          },
          {
            "x": 129.73,
            "y": 248.96
          },
          {
            "x": 130.62,
            "y": 246.29
          },
          {
            "x": 130.62,
            "y": 243.17
          },
          {
            "x": 129.51,
            "y": 241.16
          },
          {
            "x": 128.17,
            "y": 240.5
          },
          {
            "x": 124.83,
            "y": 240.5
          },
          {
            "x": 120.37,
            "y": 241.39
          },
          {
            "x": 117.03,
            "y": 243.84
          },
          {
            "x": 100.31,
            "y": 255.87
          },
          {
            "x": 98.09,
            "y": 255.43
          },
          {
            "x": 94.08,
            "y": 254.31
          },
          {
            "x": 86.5,
            "y": 252.53
          },
          {
            "x": 81.37,
            "y": 252.53
          },
          {
            "x": 74.47,
            "y": 252.53
          },
          {
            "x": 67.29,
            "y": 255.07
          }
        ]
      }
    },
    {
      "name": "Right-Grasper",
      "polygon": {
        "path": [
          {
            "x": 310.85,
            "y": 341.96
          },
          {
            "x": 309.91,
            "y": 351.79
          },
          {
            "x": 305.34,
            "y": 359.04
          },
          {
            "x": 302.93,
            "y": 366.3
          },
          {
            "x": 303.2,
            "y": 371.67
          },
          {
            "x": 306.15,
            "y": 380.53
          },
          {
            "x": 310.45,
            "y": 387.24
          },
          {
            "x": 320.11,
            "y": 394.76
          },
          {
            "x": 327.63,
            "y": 397.72
          },
          {
            "x": 332.74,
            "y": 399.6
          },
          {
            "x": 353.68,
            "y": 360.66
          },
          {
            "x": 353.95,
            "y": 355.28
          },
          {
            "x": 349.65,
            "y": 350.46
          },
          {
            "x": 341.06,
            "y": 348.57
          },
          {
            "x": 329.78,
            "y": 349.11
          },
          {
            "x": 324.68,
            "y": 349.38
          },
          {
            "x": 322.8,
            "y": 347.77
          },
          {
            "x": 321.46,
            "y": 342.13
          },
          {
            "x": 320.89,
            "y": 338.96
          },
          {
            "x": 319.28,
            "y": 337.75
          },
          {
            "x": 316.94,
            "y": 337.43
          },
          {
            "x": 313.4,
            "y": 339.37
          }
        ]
      }
    }
  ]
}