{
  "dataset": "Surgery Tools Needle",
  "image": {
    "width": 640,
    "height": 480,
    "original_filename": "Suturing_D003_485_589_frame_0003.jpeg",
    "filename": "Suturing_D003_485_589_frame_0003.jpeg",
    "url": "https://darwin.v7labs.com/api/images/71522921/original",
    "thumbnail_url": "https://darwin.v7labs.com/api/images/71522921/thumbnail",
    "path": "/",
    "workview_url": "https://darwin.v7labs.com/workview?dataset=161769&image=21"
  },
  "annotations": [
    {
      "keypoint": {
        "x": 200.15,
        "y": 369.94
      },
      "name": "Needle End"
    },
    {
      "keypoint": {
        "x": 86.22,
        "y": 355.12
      },
      "name": "Needle Tip"
    },
    {
      "name": "Left-Grasper",
      "polygon": {
        "path": [
          {
            "x": 8.73,
            "y": 336.32
          },
          {
            "x": 15.64,
            "y": 396.48
          },
          {
            "x": 21.3,
            "y": 394.32
          },
          {
            "x": 30.14,
            "y": 391.19
          },
          {
            "x": 47.21,
            "y": 385.18
          },
          {
            "x": 55.42,
            "y": 379.5
          },
          {
            "x": 59.21,
            "y": 375.39
          },
          {
            "x": 60.79,
            "y": 371.29
          },
          {
            "x": 62.68,
            "y": 368.76
          },
          {
            "x": 66.16,
            "y": 366.23
          },
          {
            "x": 95.58,
            "y": 347.83
          },
          {
            "x": 96.44,
            "y": 344.99
          },
          {
            "x": 96.68,
            "y": 341.29
          },
          {
            "x": 95.21,
            "y": 338.44
          },
          {
            "x": 94.18,
            "y": 337.5
          },
          {
            "x": 92.37,
            "y": 335.6
          },
          {
            "x": 92.05,
            "y": 334.34
          },
          {
            "x": 90.47,
            "y": 331.49
          },
          {
            "x": 87.83,
            "y": 329.78
          },
          {
            "x": 84.67,
            "y": 329.26
          },
          {
            "x": 79.19,
            "y": 329.5
          },
          {
            "x": 72.79,
            "y": 330.55
          },
          {
            "x": 57.31,
            "y": 337.81
          },
          {
            "x": 52.26,
            "y": 338.44
          },
          {
            "x": 45.64,
            "y": 336.57
          },
          {
            "x": 36.47,
            "y": 332.51
          },
          {
            "x": 27.01,
            "y": 331.27
          },
          {
            "x": 17.86,
            "y": 333.47
          }
        ]
      }
    },
    {
      "name": "Right-Grasper",
      "polygon": {
        "path": [
          {
            "x": 527.07,
            "y": 226.1
          },
          {
            "x": 526.46,
            "y": 241.33
          },
          {
            "x": 525.53,
            "y": 251.09
          },
          {
            "x": 522.16,
            "y": 255.61
          },
          {
            "x": 520.62,
            "y": 259.97
          },
          {
            "x": 520.94,
            "y": 270.47
          },
          {
            "x": 524.44,
            "y": 279.71
          },
          {
            "x": 535.9,
            "y": 288.94
          },
          {
            "x": 544.5,
            "y": 292.76
          },
          {
            "x": 550.86,
            "y": 297.85
          },
          {
            "x": 555.0,
            "y": 299.76
          },
          {
            "x": 574.42,
            "y": 256.47
          },
          {
            "x": 573.78,
            "y": 253.92
          },
          {
            "x": 569.01,
            "y": 250.42
          },
          {
            "x": 561.37,
            "y": 247.55
          },
          {
            "x": 554.42,
            "y": 245.72
          },
          {
            "x": 547.68,
            "y": 244.37
          },
          {
            "x": 544.18,
            "y": 244.37
          },
          {
            "x": 541.31,
            "y": 243.73
          },
          {
            "x": 539.72,
            "y": 236.09
          },
          {
            "x": 538.13,
            "y": 229.41
          },
          {
            "x": 537.17,
            "y": 226.54
          },
          {
            "x": 534.94,
            "y": 224.31
          },
          {
            "x": 530.86,
            "y": 224.43
          }
        ]
      }
    }
  ]
}