{
  "dataset": "Surgery Tools Needle",
  "image": {
    "width": 640,
    "height": 480,
    "original_filename": "Suturing_D001_636_853_frame_0014.jpeg",
    "filename": "Suturing_D001_636_853_frame_0014.jpeg",
    "url": "https://darwin.v7labs.com/api/images/71522906/original",
    "thumbnail_url": "https://darwin.v7labs.com/api/images/71522906/thumbnail",
    "path": "/",
    "workview_url": "https://darwin.v7labs.com/workview?dataset=161769&image=6"
  },
  "annotations": [
    {
      "name": "Left-Grasper",
      "polygon": {
        "path": [
          {
            "x": 128.32,
            "y": 283.33
          },
          {
            "x": 134.75,
            "y": 334.07
          },
          {
            "x": 142.08,
            "y": 335.02
          },
          {
            "x": 155.45,
            "y": 335.98
          },
          {
            "x": 166.59,
            "y": 334.7
          },
          {
            "x": 175.82,
            "y": 330.25
          },
          {
            "x": 181.55,
            "y": 319.74
          },
          {
            "x": 188.23,
            "y": 311.78
          },
          {
            "x": 196.83,
            "y": 300.64
          },
          {
            "x": 208.93,
            "y": 288.55
          },
          {
            "x": 218.13,
            "y": 277.25
          },
          {
            "x": 219.11,
            "y": 273.43
          },
          {
            "x": 217.7,
            "y": 268.67
          },
          {
            "x": 215.68,
            "y": 269.59
          },
          {
            "x": 213.78,
            "y": 270.2
          },
          {
            "x": 208.55,
            "y": 273.34
          },
          {
            "x": 206.35,
            "y": 271.54
          },
          {
            "x": 208.22,
            "y": 269.32
          },
          {
            "x": 212.34,
            "y": 266.26
          },
          {
            "x": 213.65,
            "y": 264.7
          },
          {
            "x": 213.7,
            "y": 262.75
          },
          {
            "x": 212.06,
            "y": 260.83
          },
          {
            "x": 210.19,
            "y": 260.1
          },
          {
            "x": 208.73,
            "y": 259.57
          },
          {
            "x": 206.0,
            "y": 259.75
          },
          {
            "x": 202.76,
            "y": 260.35
          },
          {
            "x": 199.71,
            "y": 263.38
          },
          {
            "x": 179.2,
            "y": 278.58
          },
          {
            "x": 176.01,
            "y": 275.84
          },
          {
            "x": 167.88,
            "y": 274.05
          },
          {
            "x": 159.44,
            "y": 274.24
          },
          {
            "x": 145.37,
            "y": 276.34
          },
          {
            "x": 140.77,
            "y": 277.77
          },
          {
            "x": 133.29,
            "y": 282.12
          }
        ]
      }
    },
    {
      "keypoint": {
        "x": 218.35,
        "y": 276.95
      },
      "name": "Needle Tip"
    },
    {
      "keypoint": {
        "x": 302.54,
        "y": 293.41
      },
      "name": "Needle End"
    }
  ]
}