{
  "dataset": "Surgery Tools Needle",
  "image": {
    "width": 640,
    "height": 480,
    "original_filename": "Suturing_D002_1894_1912_frame_0001.jpeg",
    "filename": "Suturing_D002_1894_1912_frame_0001.jpeg",
    "url": "https://darwin.v7labs.com/api/images/71522952/original",
    "thumbnail_url": "https://darwin.v7labs.com/api/images/71522952/thumbnail",
    "path": "/",
    "workview_url": "https://darwin.v7labs.com/workview?dataset=161769&image=52"
  },
  "annotations": [
    {
      "keypoint": {
        "x": 94.43,
        "y": 169.66
      },
      "name": "Needle Tip"
    },
    {
      "keypoint": {
        "x": 203.98,
        "y": 198.58
      },
      "name": "Needle End"
    },
    {
      "name": "Right-Grasper",
      "polygon": {
        "path": [
          {
            "x": 292.33,
            "y": 151.4
          },
          {
            "x": 299.28,
            "y": 164.67
          },
          {
            "x": 299.59,
            "y": 170.03
          },
          {
            "x": 298.64,
            "y": 181.4
          },
          {
            "x": 299.28,
            "y": 189.61
          },
          {
            "x": 304.01,
            "y": 198.14
          },
          {
            "x": 308.75,
            "y": 203.51
          },
          {
            "x": 313.8,
            "y": 209.83
          },
          {
            "x": 321.38,
            "y": 218.04
          },
          {
            "x": 345.7,
            "y": 192.14
          },
          {
            "x": 349.81,
            "y": 188.04
          },
          {
            "x": 350.44,
            "y": 183.61
          },
          {
            "x": 348.23,
            "y": 178.88
          },
          {
            "x": 341.28,
            "y": 173.51
          },
          {
            "x": 330.86,
            "y": 165.93
          },
          {
            "x": 321.7,
            "y": 161.51
          },
          {
            "x": 312.86,
            "y": 159.3
          },
          {
            "x": 311.28,
            "y": 159.3
          },
          {
            "x": 306.22,
            "y": 151.4
          },
          {
            "x": 301.8,
            "y": 147.3
          },
          {
            "x": 298.96,
            "y": 146.35
          },
          {
            "x": 295.8,
            "y": 146.53
          },
          {
            "x": 293.86,
            "y": 147.95
          }
        ]
      }
    },
    {
      "name": "Left-Grasper",
      "polygon": {
        "path": [
          {
            "x": 8.3,
            "y": 163.62
          },
          {
            "x": 25.06,
            "y": 238.84
          },
          {
            "x": 37.47,
            "y": 235.65
          },
          {
            "x": 50.84,
            "y": 231.83
          },
          {
            "x": 63.9,
            "y": 224.51
          },
          {
            "x": 74.03,
            "y": 213.28
          },
          {
            "x": 80.41,
            "y": 203.17
          },
          {
            "x": 81.33,
            "y": 196.26
          },
          {
            "x": 81.99,
            "y": 191.59
          },
          {
            "x": 82.68,
            "y": 181.85
          },
          {
            "x": 100.19,
            "y": 154.89
          },
          {
            "x": 100.87,
            "y": 153.75
          },
          {
            "x": 100.41,
            "y": 151.48
          },
          {
            "x": 97.69,
            "y": 150.79
          },
          {
            "x": 92.46,
            "y": 151.25
          },
          {
            "x": 87.68,
            "y": 153.75
          },
          {
            "x": 87.45,
            "y": 152.16
          },
          {
            "x": 89.27,
            "y": 150.11
          },
          {
            "x": 91.32,
            "y": 148.06
          },
          {
            "x": 91.55,
            "y": 146.25
          },
          {
            "x": 90.86,
            "y": 144.88
          },
          {
            "x": 87.23,
            "y": 144.65
          },
          {
            "x": 84.95,
            "y": 144.88
          },
          {
            "x": 82.0,
            "y": 145.79
          },
          {
            "x": 79.27,
            "y": 147.61
          },
          {
            "x": 76.31,
            "y": 151.25
          },
          {
            "x": 64.94,
            "y": 160.85
          },
          {
            "x": 52.84,
            "y": 158.77
          },
          {
            "x": 40.61,
            "y": 157.84
          },
          {
            "x": 19.92,
            "y": 160.8
          }
        ]
      }
    }
  ]
}