{
  "dataset": "Surgery Tools Needle",
  "image": {
    "width": 640,
    "height": 480,
    "original_filename": "Suturing_D001_2115_2164_frame_0003.jpeg",
    "filename": "Suturing_D001_2115_2164_frame_0003.jpeg",
    "url": "https://darwin.v7labs.com/api/images/71522940/original",
    "thumbnail_url": "https://darwin.v7labs.com/api/images/71522940/thumbnail",
    "path": "/",
    "workview_url": "https://darwin.v7labs.com/workview?dataset=161769&image=40"
  },
  "annotations": [
    {
      "name": "Right-Grasper",
      "polygon": {
        "path": [
          {
            "x": 451.71,
            "y": 189.95
          },
          {
            "x": 455.94,
            "y": 216.46
          },
          {
            "x": 453.94,
            "y": 225.6
          },
          {
            "x": 453.27,
            "y": 235.63
          },
          {
            "x": 456.39,
            "y": 251.45
          },
          {
            "x": 463.74,
            "y": 263.93
          },
          {
            "x": 472.43,
            "y": 270.61
          },
          {
            "x": 476.44,
            "y": 271.73
          },
          {
            "x": 479.79,
            "y": 272.62
          },
          {
            "x": 514.55,
            "y": 245.21
          },
          {
            "x": 514.33,
            "y": 240.53
          },
          {
            "x": 510.09,
            "y": 233.62
          },
          {
            "x": 501.4,
            "y": 227.16
          },
          {
            "x": 489.81,
            "y": 220.03
          },
          {
            "x": 480.9,
            "y": 216.02
          },
          {
            "x": 476.89,
            "y": 214.68
          },
          {
            "x": 471.32,
            "y": 202.2
          },
          {
            "x": 465.75,
            "y": 190.39
          },
          {
            "x": 463.07,
            "y": 186.16
          },
          {
            "x": 459.51,
            "y": 184.6
          },
          {
            "x": 455.72,
            "y": 184.38
          },
          {
            "x": 453.05,
            "y": 184.82
          },
          {
            "x": 451.49,
            "y": 186.16
          },
          {
            "x": 450.82,
            "y": 188.16
          }
        ]
      }
    },
    {
      "name": "Left-Grasper",
      "polygon": {
        "path": [
          {
            "x": 140.95,
            "y": 186.6
          },
          {
            "x": 156.68,
            "y": 246.19
          },
          {
            "x": 167.82,
            "y": 244.75
          },
          {
            "x": 180.1,
            "y": 237.72
          },
          {
            "x": 196.84,
            "y": 227.0
          },
          {
            "x": 206.11,
            "y": 217.49
          },
          {
            "x": 210.55,
            "y": 211.78
          },
          {
            "x": 215.44,
            "y": 200.88
          },
          {
            "x": 222.58,
            "y": 193.36
          },
          {
            "x": 239.13,
            "y": 174.56
          },
          {
            "x": 240.47,
            "y": 171.61
          },
          {
            "x": 239.66,
            "y": 170.53
          },
          {
            "x": 238.86,
            "y": 168.65
          },
          {
            "x": 235.9,
            "y": 167.58
          },
          {
            "x": 232.41,
            "y": 167.58
          },
          {
            "x": 230.26,
            "y": 168.65
          },
          {
            "x": 230.8,
            "y": 165.7
          },
          {
            "x": 231.34,
            "y": 163.55
          },
          {
            "x": 230.53,
            "y": 161.67
          },
          {
            "x": 227.04,
            "y": 160.06
          },
          {
            "x": 221.67,
            "y": 160.6
          },
          {
            "x": 217.1,
            "y": 163.55
          },
          {
            "x": 198.31,
            "y": 180.2
          },
          {
            "x": 187.56,
            "y": 177.78
          },
          {
            "x": 180.04,
            "y": 178.05
          },
          {
            "x": 165.54,
            "y": 177.52
          },
          {
            "x": 159.1,
            "y": 178.05
          },
          {
            "x": 152.65,
            "y": 180.47
          },
          {
            "x": 148.36,
            "y": 182.62
          }
        ]
      }
    },
    {
      "keypoint": {
        "x": 223.55,
        "y": 196.31
      },
      "name": "Needle Tip"
    },
    {
      "keypoint": {
        "x": 328.89,
        "y": 212.12
      },
      "name": "Needle End"
    }
  ]
}